"","10258980","10258983","10259465"
"B001","G","T","A"
"B002","G","T","A"
"B003","G","T","A"
"B004","G","T","A"
"B005","G","T","A"
"B006","A","G","A"
"B007","A","G","A"
"B008","G","T","A"
"B009","G","G","A"
"B010","A","G","A"
"B011","A","G","A"
"B012","A","G","A"
"B013","A","G","A"
"B014","G","T","A"
"B015","A","G","A"
"B016","G","T","A"
"B017","G","T","A"
"B018","G","T","A"
"B019","G","G","A"
"B020","G","T","A"
"B021","A","G","A"
"B023","A/G","G/T","A"
"B024","A","G","A"
"B025","G","T","A"
"B026","A","G","A"
"B027","A","G","A"
"B028","A","G","A"
"B029","A","G","A"
"B030","G","G","A"
"B031","A","G","A"
"B032","A","G","A"
"B033","A","G","A"
"B034","G","T","A"
"B035","A","G","A"
"B036","G","T","A"
"B037","G","T","A"
"B038","G","T","A"
"B039","A/G","G/T","A"
"B040","A","G","A"
"B043","G","T","A"
"B044","N","G","A"
"B045","G","T","A"
"B046","G","T","A"
"B047","G","N","A"
"B048","A/G","G","A"
"B049","G","G","A"
"B051","A","G","A"
"B052","G","G","T"
"B053","G","T","A"
"B054","G","T","A"
"B055","G","T","A"
"B056","G","T","A"
"B057","G","T","A"
"B058","A","G","A"
"B059","G","G","A"
"B060","A","G","A"
"B061","A","G","A"
"B062","A","G","A"
"B063","A","G","A"
"B064","A","G","A"
"B065","A","G","A"
"B066","G","T","A"
"B067","A","G","A"
"B068","G","T","A"
"B069","G","T","A"
"B070","G","T","A"
"B071","G","T","A"
"B072","A/G","G/T","A"
"B073","A","G","A"
"B074","A","G","A"
"B075","A","G","A"
"B076","A","G","A"
"B077","N","G/T","A"
"B079","A","G","A"
"B081","A","G","A"
"B082","A","G","A"
"B083","A","G","A"
"B084","A","G","A"
"B085","A","G","A"
"B086","G","T","A"
"B087","A","G","A"
"B088","A","G","A"
"B089","G","G","A"
"B090","G","G","A"
"B091","G","G","A"
"B092","A","G","A"
"B093","G","G","A"
"B094","A/G","G","A"
"B095","G","G","A"
"B096","G","G","A"
"B097","A","G","A"
"B100","G","T","A"
"B101","G","T","A"
"B102","G","T","A"
"B103","G","T","A"
"B104","A","G","A"
"B105","A","G","A"
"B106","A/G","G","A"
"B107","N","G","A"
"B108","A","G","A"
"B109","G","T","A"
"B110","G","T","A"
"B111","G","T","A"
"B112","A","G","A"
"B113","A","G","A"
"B114","A","G","A"
"B115","A","G","A"
"B116","A","G","A"
"B117","G","T","A"
"B118","A","G","A"
"B119","A","G","A"
"B120","A","G","A"
"B121","A","G","A"
"B122","G","T","A"
"B123","A","G","A"
"B124","N","N","A"
"B125","A","G","A"
"B126","A","G","A"
"B127","A","G","A"
"B128","G","G","A"
"B129","A/G","G","A"
"B130","A","G","A"
"B131","A","G","A"
"B132","A","G","A"
"B133","A","G","A"
"B134","G","T","A"
"B135","A","G","A"
"B136","G","T","A"
"B137","A/G","G/T","A"
"B138","A/G","G","A"
"B139","A","G","A"
"B140","A","G","A"
"B141","G","T","A"
"B142","A","G","A"
"B143","G","T","A"
"B144","G","T","A"
"B145","A","G","A"
"B146","A","G","A"
"B147","G","G","A"
"B148","G","T","A"
"B149","A","G","A"
"B150","A","G","A"
"B151","A","G","A"
"B152","G","T","A"
"B153","A","G","A"
"B154","G","T","A"
"B155","A","G","A"
"B156","A","G","A"
"B157","A","G","A"
"B158","A/G","G/T","A"
"B159","A","G","A"
"B160","G","T","A"
"B161","G","T","A"
"B162","G","T","A"
"B163","A","G","A"
"B164","A","G","A"
"B165","A","G","A"
"B166","G","T","A"
"B167","G","T","A"
"B168","G","T","A"
"B169","G","T","A"
"B170","G","T","A"
"B171","G","T","A"
"B173","A","G","A"
"B176","A","G","A"
"B179","G","T","A"
"B180","G","G","A"
"B181","A","G","A"
"B182","G","T","A"
"B183","G","T","A"
"B184","A","G","A"
"B185","A","G","A"
"B187","A","G","A"
"B188","G","T","A"
"B189","G","T","A"
"B190","G","T","A"
"B191","G","T","A"
"B192","A","G","A"
"B193","A","G","A"
"B194","G","G","A"
"B195","A","G","A"
"B196","G","T","A"
"B197","A","G","A"
"B198","A","G","A"
"B199","G","T","A"
"B200","A","G","A"
"B201","A","G","A"
"B202","A","G","A"
"B203","A","G","A"
"B204","G","T","A"
"B205","G","T","A"
"B207","A","G","A"
"B208","A","G","A"
"B210","G","G","A"
"B212","G","T","A"
"B213","A","G","A"
"B214","A","G","A"
"B215","G","T","A"
"B216","A","G","A"
"B217","A","G","A"
"B218","G","T","A"
"B219","A","G","A"
"B221","A","G","A"
"B222","A/G","G","A"
"B223","G","T","A"
"B224","A","G","A"
"B225","G","T","A"
"B226","G","T","A"
"B227","A","G","A"
"B228","G","T","A"
"B229","G","G","A"
"B230","G","T","A"
"B231","A","G","A"
"B232","A","G","A"
"B233","A","G","A"
"B234","A","G","A"
"B235","G","T","A"
"B236","G","T","A"
"B238","A","G","A"
"B239","A/G","G","A"
"B240","G","T","A"
"B241","G","T","A"
"B242","A","G","A"
"B243","A","G","A"
"B244","G","G","A"
"B245","G","T","A"
"B246","G","G","A"
"B247","G","G","A"
"B248","A","G","A"
"B249","G","G","A"
"B250","G","T","A"
"B252","A","G","A"
"B253","A","G","A"
"B254","A","G","A"
"B255","A/G","G","A"
"B258","G","T","A"
"B259","A","G","A"
"B260","A","G","A"
"B261","A","G","A"
"B263","G","T","A"
"B264","A","G","A"
"B265","A","G","A"
"B266","A","G","A"
"B267","A","G","A"
"B268","G","G","A"
"B269","G","T","A"
"CX2","G","G","A"
"CX3","A","G","A"
"CX4","A/G","G/T","A"
"CX5","A","G","A"
"CX6","A","G","A"
"CX8","A","G","A"
"CX9","A","G","A"
"CX10","A","G","A"
"CX11","G","N","A"
"CX12","A","G","A"
"CX13","A/G","G/T","A"
"CX14","G","T","A"
"CX15","A","G","A"
"CX16","G","T","A"
"CX17","A","G","A"
"CX18","A","G","A"
"CX19","A","G","A"
"CX20","G","G","A"
"CX21","A","G","A"
"CX22","A","G","A"
"CX23","A","G","A"
"CX24","A","G","A"
"CX25","A","G","A"
"CX26","A","G","A"
"CX27","A","G","A"
"CX28","A","G","A"
"CX29","A","G","A"
"CX30","A","G","A"
"CX31","A","G","A"
"CX32","G","T","A"
"CX33","A","G","A"
"CX34","N","G","A"
"CX35","A","G","A"
"CX37","A","G","A"
"CX42","A","G","A"
"CX43","A","G","A"
"CX44","A","G","A"
"CX45","A","G","A"
"CX46","A","G","A"
"CX47","G","T","A"
"CX48","A","G","A"
"CX49","G","T","A"
"CX50","A","G","A"
"CX51","G","G","A"
"CX52","A","G","A"
"CX53","A","G","A"
"CX54","A","G","A"
"CX55","A","G","A"
"CX56","G","T","A"
"CX57","G","T","A"
"CX58","G","T","A"
"CX59","G","G","A"
"CX60","A/G","G","A"
"CX61","A","G","A"
"CX63","G","G","T"
"CX64","G","G","A"
"CX65","G","G","A"
"CX66","G","G","A"
"CX67","G","G","A"
"CX68","G","G","A"
"CX69","G","G","A"
"CX70","A","G","A"
"CX71","G","G","A"
"CX72","G","G","A"
"CX73","A","G","A"
"CX74","G","T","A"
"CX75","A","G","A"
"CX76","G","G","A"
"CX77","G","T","A"
"CX78","G","T","A"
"CX79","A","G","A"
"CX80","G","G","A"
"CX82","G","G","A"
"CX83","A","G","A"
"CX84","A","G","A"
"CX85","A","G","A"
"CX86","A","G","A"
"CX87","A","G","A"
"CX88","A","G","A"
"CX89","A","G","A"
"CX90","A","G","A"
"CX91","A","G","A"
"CX92","A","G","A"
"CX93","A","G","A"
"CX94","A","G","A"
"CX96","A","G","A"
"CX97","A","G","A"
"CX98","A","G","A"
"CX99","A","G","A"
"CX100","A","G","A"
"CX101","A","G","A"
"CX102","A","G","A"
"CX103","G","G","A"
"CX104","G","G","A"
"CX106","G","T","A"
"CX107","G","G","A"
"CX108","A/G","G","A/T"
"CX109","G","G","T"
"CX110","G","G","A"
"CX111","G","T","A"
"CX112","G","T","A"
"CX113","G","T","A"
"CX114","A","G","A"
"CX115","A","G","A"
"CX116","G","T","A"
"CX117","A","G","A"
"CX118","A","G","A"
"CX119","A","G","A"
"CX120","A","G","A"
"CX121","A","G","A"
"CX122","A","G","A"
"CX123","A","G","A"
"CX124","A","G","A"
"CX125","A","G","A"
"CX126","A","G","A"
"CX128","A","G","A"
"CX129","G","T","A"
"CX130","A/G","G","A"
"CX131","A","G","A"
"CX132","G","T","A"
"CX133","A","G","A"
"CX134","A","G","A"
"CX138","G","T","A"
"CX139","G","G","T"
"CX140","G","T","A"
"CX141","G","G","A"
"CX142","G","T","A"
"CX143","G","G","A"
"CX144","G","G","A"
"CX145","A","G","A"
"CX146","A","G","A"
"CX147","A/G","G","A"
"CX148","G","G","A"
"CX149","G","G","A"
"CX150","A","G","A"
"CX151","G","T","A"
"CX152","A","G","A"
"CX153","A","G/T","A"
"CX154","G","G","A"
"CX155","G","G","T"
"CX156","G","G","A"
"CX157","G","G","A"
"CX158","A","G","A"
"CX160","A","G","A"
"CX161","A","G","A"
"CX162","A","G","A"
"CX165","G","T","A"
"CX182","A","G","A"
"CX205","G","T","A"
"CX206","A","G","A"
"CX207","A","G","A"
"CX210","A/G","G/T","A"
"CX211","G","T","A"
"CX212","G","T","A"
"CX213","G","T","A"
"CX214","N","N","A"
"CX218","A","G","A"
"CX219","A","G","A"
"CX220","G","T","A"
"CX221","A","G","A"
"CX225","A","G","A"
"CX226","A","G","A"
"CX227","A","G","A"
"CX228","A","G","A"
"CX230","A","G","A"
"CX231","G","G","A"
"CX232","A","G","A"
"CX233","G","G","A"
"CX234","A","G","A"
"CX235","A","G","A"
"CX236","A","G","A"
"CX237","A","G","A"
"CX238","A","G","A"
"CX240","A","G","A"
"CX241","G","T","A"
"CX242","G","T","A"
"CX243","A/G","G/T","A"
"CX247","A","G","A"
"CX248","G","T","A"
"CX249","A","G","A"
"CX250","A","G","A"
"CX251","G","T","A"
"CX262","G","T","A"
"CX263","G","G","A"
"CX265","N","G","A"
"CX266","G","T","A"
"CX267","A","G","A"
"CX268","A/G","G/T","A"
"CX269","G","T","A"
"CX270","A","G","A"
"CX273","G","G","A"
"CX274","G","G","A"
"CX275","G","G","A"
"CX276","A","G","A"
"CX277","G","T","A"
"CX278","G","G","A"
"CX280","N","G/T","A"
"CX281","A","G","A"
"CX282","N","G/T","A"
"CX284","N","N","A"
"CX285","G","T","A"
"CX286","A","G","A"
"CX287","G","T","A"
"CX288","A","G","A"
"CX290","A","G","A"
"CX291","A","G","A"
"CX296","A","G","A"
"CX303","A","G","A"
"CX304","A","G","A"
"CX305","A","G","A"
"CX306","G","T","A"
"CX307","G","T","A"
"CX313","G","G","A"
"CX314","A","G","A"
"CX315","G","T","A"
"CX316","A","G","A"
"CX317","G","T","A"
"CX318","A","G","A"
"CX319","A","G","A"
"CX328","A","G","A"
"CX329","G","T","A"
"CX330","G","T","A"
"CX340","A","G","A"
"CX341","A","G","A"
"CX342","A/G","G","A"
"CX343","A/G","G/T","A"
"CX344","G","T","A"
"CX345","G","T","A"
"CX346","A","G","A"
"CX347","A","G","A"
"CX348","A","G","A"
"CX349","A","G","A"
"CX350","G","T","A"
"CX351","G","T","A"
"CX352","G","T","A"
"CX353","G","T","A"
"CX354","G","T","A"
"CX355","G","T","A"
"CX356","G","T","A"
"CX357","A","G","A"
"CX358","A","G","A"
"CX359","G","T","A"
"CX360","A","G","A"
"CX361","A","G","A"
"CX362","A","G","A"
"CX363","A","G","A"
"CX364","A","G","A"
"CX365","A/G","G","A"
"CX366","G","G","A"
"CX367","N","G/T","A"
"CX368","A","G","A"
"CX369","A","G","A"
"CX370","A","G","A"
"CX371","G","T","A"
"CX372","G","T","A"
"CX373","G","T","A"
"CX374","G","T","A"
"CX375","A","G","A"
"CX376","A","G","A"
"CX377","A","G","A"
"CX378","A","G","A"
"CX379","A","G","A"
"CX380","G","T","A"
"CX381","A","G","A"
"CX382","A","G","A"
"CX383","G","T","A"
"CX384","G","T","A"
"CX385","A","G","A"
"CX386","G","G","A"
"CX387","A","G","A"
"CX388","A","G","A"
"CX389","G","T","A"
"CX390","G","G","A"
"CX391","G","T","A"
"CX392","A","G","A"
"CX393","A","G","A"
"CX394","A","G","A"
"CX395","A/G","G/T","A"
"CX396","G","T","A"
"CX397","G","T","A"
"CX399","A","G","A"
"CX400","N","G/T","A"
"CX401","N","G","A"
"CX402","G","G","A"
"CX403","A","G","A"
"CX408","A","G","A"
"CX409","A","G","A"
"CX410","A","G","A"
"CX411","A","G","A"
"CX413","A","G","A"
"CX414","A","G","A"
"CX416","A","G","A"
"CX417","A","G","A"
"CX418","A","G","A"
"CX419","A","G","A"
"CX420","A","G","A"
"CX421","A","G","A"
"CX422","A","G","A"
"CX423","A","G","A"
"CX424","A","G","A"
"CX425","A","G","A"
"CX426","A","G","A"
"CX427","G","T","A"
"CX428","G","T","A"
"CX429","G","T","A"
"CX431","A","G","A"
"CX534","G","T","A"
"CX542","A/G","G","A"
"CX548","A","G","A"
"CX561","A","G","A"
"CX578","G","T","A"
"CX579","G","T","A"
"IRIS.313.7620","A","G","A"
"IRIS.313.7635","A","G","A"
"IRIS.313.7636","A","G","A"
"IRIS.313.7638","A","G","A"
"IRIS.313.7641","A","G","A"
"IRIS.313.7646","G","G","T"
"IRIS.313.7650","A","G","A"
"IRIS.313.7651","A","G","A"
"IRIS.313.7654","A","G","A"
"IRIS.313.7664","A","G","A"
"IRIS.313.7665","A","G","A"
"IRIS.313.7668","A","G","A"
"IRIS.313.7681","A","G","A"
"IRIS.313.7684","A","G","A"
"IRIS.313.7685","A","G","A"
"IRIS.313.7688","A","G","A"
"IRIS.313.7689","A","G","A"
"IRIS.313.7690","G","G","A"
"IRIS.313.7691","A","G","A"
"IRIS.313.7696","A","G","A"
"IRIS.313.7698","A","G","A"
"IRIS.313.7699","A","G","A"
"IRIS.313.7719","A","G","A"
"IRIS.313.7720","G","G","T"
"IRIS.313.7722","G","T","A"
"IRIS.313.7725","A","G","A"
"IRIS.313.7728","A","G","A"
"IRIS.313.7736","G","G","T"
"IRIS.313.7758","A","G","A"
"IRIS.313.7766","A","G","A"
"IRIS.313.7769","A","G","A"
"IRIS.313.7770","G","G","A"
"IRIS.313.7773","A","G","A"
"IRIS.313.7778","A","G","A"
"IRIS.313.7780","A","G","A"
"IRIS.313.7792","A","G","A"
"IRIS.313.7793","A","G","A"
"IRIS.313.7795","A","G","A"
"IRIS.313.7797","A","G","A"
"IRIS.313.7799","A","G","A"
"IRIS.313.7807","A","G","A"
"IRIS.313.7808","A","G","A"
"IRIS.313.7809","A","G","A"
"IRIS.313.7815","A","G","A"
"IRIS.313.7816","A","G","A"
"IRIS.313.7819","A","G","A"
"IRIS.313.7820","A","G","A"
"IRIS.313.7824","A","G","A"
"IRIS.313.7826","A","G","A"
"IRIS.313.7832","A","G","A"
"IRIS.313.7838","G","T","A"
"IRIS.313.7850","G","T","A"
"IRIS.313.7856","G","T","A"
"IRIS.313.7859","G","T","A"
"IRIS.313.7863","G","T","A"
"IRIS.313.7866","G","T","A"
"IRIS.313.7868","G","T","A"
"IRIS.313.7870","G","T","A"
"IRIS.313.7876","G","T","A"
"IRIS.313.7883","G","T","A"
"IRIS.313.7885","G","T","A"
"IRIS.313.7902","G","T","A"
"IRIS.313.7907","G","T","A"
"IRIS.313.7909","G","T","A"
"IRIS.313.7911","A","G","A"
"IRIS.313.7912","G","T","A"
"IRIS.313.7914","G","T","A"
"IRIS.313.7922","G","T","A"
"IRIS.313.7924","G","T","A"
"IRIS.313.7933","G","T","A"
"IRIS.313.7959","G","G","T"
"IRIS.313.7992","G","T","A"
"IRIS.313.7993","G","G","T"
"IRIS.313.7994","G","T","A"
"IRIS.313.8003","G","T","A"
"IRIS.313.8010","G","T","A"
"IRIS.313.8011","G","T","A"
"IRIS.313.8023","G","T","A"
"IRIS.313.8024","G","T","A"
"IRIS.313.8025","G","T","A"
"IRIS.313.8026","G","T","A"
"IRIS.313.8027","G","T","A"
"IRIS.313.8029","G","T","A"
"IRIS.313.8031","G","T","A"
"IRIS.313.8032","G","T","A"
"IRIS.313.8033","G","T","A"
"IRIS.313.8037","G","T","A"
"IRIS.313.8039","G","T","A"
"IRIS.313.8041","N","T","A"
"IRIS.313.8044","G","T","A"
"IRIS.313.8046","G","T","A"
"IRIS.313.8048","G","T","A"
"IRIS.313.8049","G","T","A"
"IRIS.313.8050","G","T","A"
"IRIS.313.8052","G","T","A"
"IRIS.313.8053","G","T","A"
"IRIS.313.8057","G","T","A"
"IRIS.313.8058","G","T","A"
"IRIS.313.8060","G","T","A"
"IRIS.313.8061","G","T","A"
"IRIS.313.8062","G","T","A"
"IRIS.313.8063","G","T","A"
"IRIS.313.8064","G","T","A"
"IRIS.313.8065","G","T","A"
"IRIS.313.8066","G","T","A"
"IRIS.313.8067","A","G","A"
"IRIS.313.8068","A","G","A"
"IRIS.313.8069","A","G","A"
"IRIS.313.8072","G","T","A"
"IRIS.313.8073","G","G","T"
"IRIS.313.8074","G","T","A"
"IRIS.313.8075","G","T","A"
"IRIS.313.8076","G","T","A"
"IRIS.313.8084","G","T","A"
"IRIS.313.8085","G","T","A"
"IRIS.313.8087","G","T","A"
"IRIS.313.8090","G","T","A"
"IRIS.313.8095","G","T","A"
"IRIS.313.8096","G","T","A"
"IRIS.313.8097","G","T","A"
"IRIS.313.8099","G","T","A"
"IRIS.313.8102","G","T","A"
"IRIS.313.8105","G","T","A"
"IRIS.313.8109","G","T","A"
"IRIS.313.8111","G","T","A"
"IRIS.313.8112","G","T","A"
"IRIS.313.8113","G","T","A"
"IRIS.313.8114","G","G","T"
"IRIS.313.8115","G","T","A"
"IRIS.313.8116","G","T","A"
"IRIS.313.8118","G","T","A"
"IRIS.313.8119","G","T","A"
"IRIS.313.8121","G","G","T"
"IRIS.313.8123","G","T","A"
"IRIS.313.8124","G","N","A"
"IRIS.313.8125","G","T","A"
"IRIS.313.8126","G","T","A"
"IRIS.313.8127","G","T","A"
"IRIS.313.8128","G","T","A"
"IRIS.313.8129","G","T","A"
"IRIS.313.8132","G","T","A"
"IRIS.313.8134","G","T","A"
"IRIS.313.8135","G","T","A"
"IRIS.313.8136","G","T","A"
"IRIS.313.8137","G","T","A"
"IRIS.313.8138","G","T","A"
"IRIS.313.8139","G","T","A"
"IRIS.313.8140","G","T","A"
"IRIS.313.8141","G","T","A"
"IRIS.313.8142","G","T","A"
"IRIS.313.8143","G","T","A"
"IRIS.313.8145","G","T","A"
"IRIS.313.8147","G","T","A"
"IRIS.313.8148","G","T","A"
"IRIS.313.8149","G","T","A"
"IRIS.313.8151","G","T","A"
"IRIS.313.8154","G","T","A"
"IRIS.313.8155","G","T","A"
"IRIS.313.8158","G","T","A"
"IRIS.313.8159","G","T","A"
"IRIS.313.8160","G","T","A"
"IRIS.313.8161","A","G","A"
"IRIS.313.8162","G","T","A"
"IRIS.313.8164","G","T","A"
"IRIS.313.8165","G","T","A"
"IRIS.313.8166","G","T","A"
"IRIS.313.8167","G","T","A"
"IRIS.313.8168","G","T","A"
"IRIS.313.8170","G","T","A"
"IRIS.313.8171","G","T","A"
"IRIS.313.8172","G","G","A"
"IRIS.313.8173","G","T","A"
"IRIS.313.8177","G","T","A"
"IRIS.313.8180","G","T","A"
"IRIS.313.8183","G","T","A"
"IRIS.313.8184","G","G","A"
"IRIS.313.8185","G","T","A"
"IRIS.313.8186","G","T","A"
"IRIS.313.8192","G","T","A"
"IRIS.313.8193","G","T","A"
"IRIS.313.8195","G","T","A"
"IRIS.313.8200","G","T","A"
"IRIS.313.8202","G","T","A"
"IRIS.313.8204","G","T","A"
"IRIS.313.8205","G","T","A"
"IRIS.313.8208","G","T","A"
"IRIS.313.8209","G","T","A"
"IRIS.313.8212","A","G","A"
"IRIS.313.8213","G","T","A"
"IRIS.313.8214","G","T","A"
"IRIS.313.8215","A","G","A"
"IRIS.313.8216","G","T","A"
"IRIS.313.8217","G","T","A"
"IRIS.313.8218","G","T","A"
"IRIS.313.8232","G","T","A"
"IRIS.313.8244","A","G","A"
"IRIS.313.8252","G","G","T"
"IRIS.313.8253","G","G","A"
"IRIS.313.8256","G","G","A"
"IRIS.313.8265","A","G","A"
"IRIS.313.8268","G","G","A"
"IRIS.313.8277","G","T","A"
"IRIS.313.8279","G","T","A"
"IRIS.313.8283","G","G","A"
"IRIS.313.8285","G","T","A"
"IRIS.313.8288","A","G","A"
"IRIS.313.8291","G","G","A"
"IRIS.313.8292","G","G","A"
"IRIS.313.8293","A","G","A"
"IRIS.313.8302","A/G","G/T","A"
"IRIS.313.8303","A","G","A"
"IRIS.313.8305","A","G","A"
"IRIS.313.8306","A","G","A"
"IRIS.313.8312","G","G","A"
"IRIS.313.8314","G","T","A"
"IRIS.313.8315","G","G","A"
"IRIS.313.8316","A","G","A"
"IRIS.313.8321","G","G","A"
"IRIS.313.8323","G","T","A"
"IRIS.313.8324","A","G","A"
"IRIS.313.8326","G","G","A"
"IRIS.313.8332","G","G","A"
"IRIS.313.8339","G","T","A"
"IRIS.313.8341","A","G","A"
"IRIS.313.8342","A","G","A"
"IRIS.313.8349","A","G","A"
"IRIS.313.8356","G","T","A"
"IRIS.313.8368","A","G","A"
"IRIS.313.8380","G","G","A"
"IRIS.313.8381","G","T","A"
"IRIS.313.8382","G","G","A"
"IRIS.313.8383","A","G","A"
"IRIS.313.8385","G","G","A"
"IRIS.313.8386","G","G","A"
"IRIS.313.8387","G","T","A"
"IRIS.313.8390","A","G","A"
"IRIS.313.8391","A","G","A"
"IRIS.313.8392","A","G","A"
"IRIS.313.8398","G","G","T"
"IRIS.313.8399","G","T","A"
"IRIS.313.8400","G","T","A"
"IRIS.313.8401","A","G","A"
"IRIS.313.8405","A","G","A"
"IRIS.313.8407","A","G","A"
"IRIS.313.8409","A","G","A"
"IRIS.313.8410","G","G","T"
"IRIS.313.8412","A","G","A"
"IRIS.313.8414","A","G","A"
"IRIS.313.8431","G","T","A"
"IRIS.313.8433","G","G","A"
"IRIS.313.8434","G","T","A"
"IRIS.313.8435","A","G","A"
"IRIS.313.8436","G","T","A"
"IRIS.313.8437","G","G","A"
"IRIS.313.8439","G","T","A"
"IRIS.313.8444","G","T","A"
"IRIS.313.8450","A","G","A"
"IRIS.313.8453","A","G","A"
"IRIS.313.8454","A","G","A"
"IRIS.313.8457","G","G","A"
"IRIS.313.8458","A","G","A"
"IRIS.313.8466","A","G","A"
"IRIS.313.8468","A","G","A"
"IRIS.313.8474","G","G","A"
"IRIS.313.8481","G","T","A"
"IRIS.313.8485","G","G","A"
"IRIS.313.8486","G","T","A"
"IRIS.313.8492","G","G","A"
"IRIS.313.8493","G","G","A"
"IRIS.313.8498","A/G","G","A"
"IRIS.313.8502","G","T","A"
"IRIS.313.8509","A","G","A"
"IRIS.313.8514","A","G","A"
"IRIS.313.8519","G","T","A"
"IRIS.313.8523","G","T","A"
"IRIS.313.8530","A","G","A"
"IRIS.313.8536","G","G","A"
"IRIS.313.8554","A","G","A"
"IRIS.313.8557","A","G","A"
"IRIS.313.8559","A","G","A"
"IRIS.313.8565","G","T","A"
"IRIS.313.8567","A","G","A"
"IRIS.313.8568","A","G","A"
"IRIS.313.8571","G","G","A"
"IRIS.313.8572","G","T","A"
"IRIS.313.8578","G","T","A"
"IRIS.313.8580","G","T","A"
"IRIS.313.8585","A","G","A"
"IRIS.313.8586","G","G","A"
"IRIS.313.8591","A","G","A"
"IRIS.313.8594","G","T","A"
"IRIS.313.8595","A","G","A"
"IRIS.313.8599","G","T","A"
"IRIS.313.8603","G","G","A"
"IRIS.313.8606","A","G","A"
"IRIS.313.8608","A","G","A"
"IRIS.313.8614","A","G","A"
"IRIS.313.8616","A","G","A"
"IRIS.313.8621","A","G","A"
"IRIS.313.8622","A","G","A"
"IRIS.313.8626","G","T","A"
"IRIS.313.8627","G","T","A"
"IRIS.313.8631","A","G","A"
"IRIS.313.8632","G","G","A"
"IRIS.313.8637","G","T","A"
"IRIS.313.8638","G","G","A"
"IRIS.313.8641","A","G","A"
"IRIS.313.8643","A","G","A"
"IRIS.313.8645","A","G","A"
"IRIS.313.8647","A","G","A"
"IRIS.313.8655","G","G","T"
"IRIS.313.8656","G","G","A"
"IRIS.313.8657","A","G","A"
"IRIS.313.8658","G","T","A"
"IRIS.313.8659","A","G","A"
"IRIS.313.8660","A","G","A"
"IRIS.313.8664","G","T","A"
"IRIS.313.8665","G","T","A"
"IRIS.313.8669","G","T","A"
"IRIS.313.8674","G","G","A"
"IRIS.313.8679","A","G","A"
"IRIS.313.8681","A","G","A"
"IRIS.313.8683","G","G","A"
"IRIS.313.8687","G","T","A"
"IRIS.313.8690","G","T","A"
"IRIS.313.8694","G","T","A"
"IRIS.313.8697","G","G","A"
"IRIS.313.8699","G","G","A"
"IRIS.313.8702","A","G","A"
"IRIS.313.8703","A/G","G","A"
"IRIS.313.8704","A","G","A"
"IRIS.313.8712","G","G","A"
"IRIS.313.8713","G","G","A"
"IRIS.313.8717","A","G","A"
"IRIS.313.8721","G","G","T"
"IRIS.313.8722","G","G","A"
"IRIS.313.8723","A","G","A"
"IRIS.313.8725","G","G","A"
"IRIS.313.8727","A","G","A"
"IRIS.313.8731","A","G","A"
"IRIS.313.8732","G","G","A"
"IRIS.313.8733","A","G","A"
"IRIS.313.8735","G","T","A"
"IRIS.313.8737","G","G","T"
"IRIS.313.8739","A","G","A"
"IRIS.313.8743","A","G","A"
"IRIS.313.8744","G","G","A"
"IRIS.313.8745","G","T","A"
"IRIS.313.8747","G","G","A"
"IRIS.313.8751","A","G","A"
"IRIS.313.8754","A","G","A"
"IRIS.313.8755","G","T","A"
"IRIS.313.8757","A","G","A"
"IRIS.313.8765","G","G","A"
"IRIS.313.8767","G","G","A"
"IRIS.313.8768","G","T","A"
"IRIS.313.8769","G","T","A"
"IRIS.313.8771","G","G","T"
"IRIS.313.8778","G","T","A"
"IRIS.313.8781","A","G","A"
"IRIS.313.8783","A","G","A"
"IRIS.313.8785","G","G","A"
"IRIS.313.8789","G","G","T"
"IRIS.313.8791","A","G","A"
"IRIS.313.8793","A","G","A"
"IRIS.313.8796","A","G","A"
"IRIS.313.8803","G","T","A"
"IRIS.313.8811","G","G","A"
"IRIS.313.8812","G","G","A"
"IRIS.313.8813","G","G","A"
"IRIS.313.8814","G","G","A"
"IRIS.313.8815","G","T","A"
"IRIS.313.8822","A","G","A"
"IRIS.313.8831","G","G","A"
"IRIS.313.8833","G","G","A"
"IRIS.313.8844","A","G","A"
"IRIS.313.8846","A","G","A"
"IRIS.313.8850","A","G","A"
"IRIS.313.8854","G","G","A"
"IRIS.313.8856","G","T","A"
"IRIS.313.8857","G","T","A"
"IRIS.313.8859","A","G","A"
"IRIS.313.8864","G","G","T"
"IRIS.313.8865","G","T","A"
"IRIS.313.8870","G","G","A"
"IRIS.313.8872","G","T","A"
"IRIS.313.8873","G","T","A"
"IRIS.313.8876","G","T","A"
"IRIS.313.8880","G","T","A"
"IRIS.313.8883","G","T","A"
"IRIS.313.8884","G","T","A"
"IRIS.313.8889","A","G","A"
"IRIS.313.8890","G","T","A"
"IRIS.313.8894","G","T","A"
"IRIS.313.8895","G","G","A"
"IRIS.313.8900","A","G","A"
"IRIS.313.8903","G","G","A"
"IRIS.313.8909","G","G","A"
"IRIS.313.8911","G","G/T","A"
"IRIS.313.8914","A","G","A"
"IRIS.313.8920","A","G","A"
"IRIS.313.8921","N","N","N"
"IRIS.313.8922","A","G","A"
"IRIS.313.8923","G","T","A"
"IRIS.313.8924","A","G","A"
"IRIS.313.8925","A","G","A"
"IRIS.313.8927","G","T","A"
"IRIS.313.8930","A","G","A"
"IRIS.313.8932","G","G","A"
"IRIS.313.8935","G","G/T","A"
"IRIS.313.8940","G","G","A"
"IRIS.313.8946","G","G","A"
"IRIS.313.8948","A","G","A"
"IRIS.313.8955","G","T","A"
"IRIS.313.8956","G","G","A"
"IRIS.313.8957","A","G","A"
"IRIS.313.8960","G","T","A"
"IRIS.313.8963","G","G","T"
"IRIS.313.8967","A/G","G","A"
"IRIS.313.8968","A","G","A"
"IRIS.313.8976","G","T","A"
"IRIS.313.8978","G","G","A"
"IRIS.313.8980","G","G","A"
"IRIS.313.8982","A","G","A"
"IRIS.313.8985","G","G","A"
"IRIS.313.8986","A","G","A"
"IRIS.313.8987","G","G","T"
"IRIS.313.8988","A","G","A"
"IRIS.313.8994","A","G","A"
"IRIS.313.8996","G","G","A"
"IRIS.313.8998","G","G","A"
"IRIS.313.8999","G","T","A"
"IRIS.313.9002","G","T","A"
"IRIS.313.9005","A","G","A"
"IRIS.313.9006","G","G","A"
"IRIS.313.9017","A","G","A"
"IRIS.313.9019","G","G","A"
"IRIS.313.9020","G","G","A"
"IRIS.313.9023","A","G","A"
"IRIS.313.9032","A","G","A"
"IRIS.313.9039","A","G","A"
"IRIS.313.9044","A","G","A"
"IRIS.313.9048","G","T","A"
"IRIS.313.9049","A","G","A"
"IRIS.313.9050","G","T","A"
"IRIS.313.9053","G","T","A"
"IRIS.313.9054","G","G","A"
"IRIS.313.9062","G","G","A"
"IRIS.313.9065","A","G","A"
"IRIS.313.9066","G","T","A"
"IRIS.313.9067","G","G","A"
"IRIS.313.9070","A","G","A"
"IRIS.313.9072","G","G","A"
"IRIS.313.9081","G","T","A"
"IRIS.313.9083","G","G","A"
"IRIS.313.9091","G","G","A"
"IRIS.313.9097","G","G","A"
"IRIS.313.9098","G","G","A"
"IRIS.313.9101","A/G","G/T","A"
"IRIS.313.9102","G","G","A"
"IRIS.313.9108","N","G","A"
"IRIS.313.9111","A","G","A"
"IRIS.313.9112","A/G","G","A"
"IRIS.313.9114","A","G","A"
"IRIS.313.9115","G","G","A"
"IRIS.313.9116","G","G","A"
"IRIS.313.9117","G","G","A"
"IRIS.313.9119","N","G","A"
"IRIS.313.9120","G","G","A/T"
"IRIS.313.9121","G","G","A"
"IRIS.313.9123","A","G","A"
"IRIS.313.9129","G","T","A"
"IRIS.313.9131","A","G","A"
"IRIS.313.9137","G","G","A"
"IRIS.313.9139","A","G","A"
"IRIS.313.9140","G","T","A"
"IRIS.313.9148","A","G","A"
"IRIS.313.9156","A","G","A"
"IRIS.313.9160","A","G","A"
"IRIS.313.9170","G","G","A"
"IRIS.313.9172","G","G","A"
"IRIS.313.9174","G","G","A"
"IRIS.313.9176","G","T","A"
"IRIS.313.9182","G","G","A"
"IRIS.313.9184","A","G","A"
"IRIS.313.9187","G","T","A"
"IRIS.313.9188","A","G","A"
"IRIS.313.9190","A","G","A"
"IRIS.313.9193","G","T","A"
"IRIS.313.9197","G","G","A"
"IRIS.313.9198","G","G","A"
"IRIS.313.9201","G","T","A"
"IRIS.313.9204","A","G","A"
"IRIS.313.9208","A","G","A"
"IRIS.313.9209","A","G","A"
"IRIS.313.9210","G","G","A"
"IRIS.313.9218","G","G","A"
"IRIS.313.9227","G","G","A"
"IRIS.313.9228","G","T","A"
"IRIS.313.9233","G","T","A"
"IRIS.313.9239","G","T","A"
"IRIS.313.9242","A/G","G","A"
"IRIS.313.9243","G","G","A"
"IRIS.313.9249","G","T","A"
"IRIS.313.9251","G","G","A"
"IRIS.313.9253","A","G","A"
"IRIS.313.9256","A","G","A"
"IRIS.313.9258","A","G","A"
"IRIS.313.9259","A","G","A"
"IRIS.313.9262","A","G","A"
"IRIS.313.9267","G","T","A"
"IRIS.313.9271","A","G","A"
"IRIS.313.9273","G","G","A"
"IRIS.313.9281","G","G","A"
"IRIS.313.9283","G","G","T"
"IRIS.313.9285","G","G","A"
"IRIS.313.9286","G","G","A"
"IRIS.313.9287","A","G","A"
"IRIS.313.9288","G","G","A"
"IRIS.313.9294","A","G","A"
"IRIS.313.9297","G","T","A"
"IRIS.313.9301","G","G","A"
"IRIS.313.9302","G","G","A"
"IRIS.313.9310","G","G","A"
"IRIS.313.9313","A","G","A"
"IRIS.313.9314","A","G","A"
"IRIS.313.9317","A","G","A"
"IRIS.313.9320","A","G","A"
"IRIS.313.9324","G","G","A"
"IRIS.313.9325","A","G","A"
"IRIS.313.9329","A","G","A"
"IRIS.313.9342","A","G","A"
"IRIS.313.9346","G","T","A"
"IRIS.313.9347","G","G","A"
"IRIS.313.9348","A","G","A"
"IRIS.313.9351","A","G","A"
"IRIS.313.9357","A","G","A"
"IRIS.313.9360","A","G","A"
"IRIS.313.9363","G","T","A"
"IRIS.313.9366","G","T","A"
"IRIS.313.9368","A","G","A"
"IRIS.313.9372","G","G","A"
"IRIS.313.9375","G","T","A"
"IRIS.313.9379","G","T","A"
"IRIS.313.9384","A","G","A"
"IRIS.313.9388","A","G","A"
"IRIS.313.9389","G","T","A"
"IRIS.313.9391","G","G","A"
"IRIS.313.9392","A/G","G/T","A"
"IRIS.313.9397","G","G","A"
"IRIS.313.9400","G","G","A"
"IRIS.313.9402","A/G","G","A"
"IRIS.313.9403","A","G","A"
"IRIS.313.9404","A/G","G/T","A"
"IRIS.313.9405","G","G","A"
"IRIS.313.9406","N","G/T","A"
"IRIS.313.9409","A","G","A"
"IRIS.313.9410","G","T","A"
"IRIS.313.9415","A","G","A"
"IRIS.313.9422","G","G","A/T"
"IRIS.313.9423","G","T","A"
"IRIS.313.9424","A","G","A"
"IRIS.313.9427","G","G","A"
"IRIS.313.9429","A","G","A"
"IRIS.313.9433","G","G","A"
"IRIS.313.9438","G","T","A"
"IRIS.313.9445","G","G","A"
"IRIS.313.9449","G","G","T"
"IRIS.313.9451","A","G","A"
"IRIS.313.9452","G","T","A"
"IRIS.313.9461","A","G","A"
"IRIS.313.9463","G","T","A"
"IRIS.313.9464","G","T","A"
"IRIS.313.9468","G","T","A"
"IRIS.313.9469","A","G","A"
"IRIS.313.9470","G","T","A"
"IRIS.313.9472","A","G","A"
"IRIS.313.9482","A","G","A"
"IRIS.313.9484","A","G","A"
"IRIS.313.9491","G","T","A"
"IRIS.313.9492","A","G","A"
"IRIS.313.9503","A","G","A"
"IRIS.313.9505","A","G","A"
"IRIS.313.9506","G","G","A"
"IRIS.313.9516","A/G","G","A"
"IRIS.313.9519","G","T","A"
"IRIS.313.9522","A","G","A"
"IRIS.313.9523","G","T","A"
"IRIS.313.9529","A","G","A"
"IRIS.313.9533","A","G","A"
"IRIS.313.9539","G","T","A"
"IRIS.313.9547","A","G","A"
"IRIS.313.9550","G","T","A"
"IRIS.313.9551","A","G","A"
"IRIS.313.9555","A","G","A"
"IRIS.313.9557","A","G","A"
"IRIS.313.9558","G","T","A"
"IRIS.313.9560","A","G","A"
"IRIS.313.9566","A","G","A"
"IRIS.313.9567","G","G","A"
"IRIS.313.9568","G","T","A"
"IRIS.313.9570","G","G","A"
"IRIS.313.9572","A","G","A"
"IRIS.313.9574","A","G","A"
"IRIS.313.9575","A/G","N","A"
"IRIS.313.9582","G","G","A"
"IRIS.313.9590","G","G","A"
"IRIS.313.9593","A","G","A"
"IRIS.313.9594","G","G","A"
"IRIS.313.9600","A","G","A"
"IRIS.313.9601","G","G/T","A"
"IRIS.313.9602","A","G","A"
"IRIS.313.9604","G","G","A"
"IRIS.313.9605","A","G","A"
"IRIS.313.9606","G","G","A"
"IRIS.313.9609","G","G","A"
"IRIS.313.9610","G","G","T"
"IRIS.313.9611","A","G","A"
"IRIS.313.9616","G","T","A"
"IRIS.313.9617","A","G","A"
"IRIS.313.9619","A","G","A"
"IRIS.313.9623","A","G","A"
"IRIS.313.9626","G","G","T"
"IRIS.313.9629","G","G","A"
"IRIS.313.9634","G","G","A"
"IRIS.313.9636","G","G","T"
"IRIS.313.9637","A","G","A"
"IRIS.313.9641","G","G","A"
"IRIS.313.9648","N","G/T","A"
"IRIS.313.9661","G","G","T"
"IRIS.313.9669","A","G","A"
"IRIS.313.9682","G","G","A"
"IRIS.313.9685","A","G","A"
"IRIS.313.9687","A","G","A"
"IRIS.313.9691","G","T","A"
"IRIS.313.9694","A","G","A"
"IRIS.313.9695","G","G","A"
"IRIS.313.9696","A","G","A"
"IRIS.313.9697","G","G","A"
"IRIS.313.9698","G","T","A"
"IRIS.313.9699","G","G","A"
"IRIS.313.9701","G","T","A"
"IRIS.313.9702","G","T","A"
"IRIS.313.9703","G","T","A"
"IRIS.313.9705","G","G","A"
"IRIS.313.9706","G","G","A"
"IRIS.313.9708","A","G","A"
"IRIS.313.9709","A","G","A"
"IRIS.313.9723","A","G","A"
"IRIS.313.9724","G","T","A"
"IRIS.313.9725","G","T","A"
"IRIS.313.9727","G","G","A"
"IRIS.313.9730","A","G","A"
"IRIS.313.9732","A","G","A"
"IRIS.313.9740","A","G","A"
"IRIS.313.9742","G","T","A"
"IRIS.313.9745","G","T","A"
"IRIS.313.9758","A","G","A"
"IRIS.313.9759","G","T","A"
"IRIS.313.9767","A","G","A"
"IRIS.313.9769","G","T","A"
"IRIS.313.9770","G","T","A"
"IRIS.313.9771","G","T","A"
"IRIS.313.9774","G","T","A"
"IRIS.313.9778","A","G","A"
"IRIS.313.9782","G","T","A"
"IRIS.313.9783","G","G","A/T"
"IRIS.313.9789","G","T","A"
"IRIS.313.9790","G","T","A"
"IRIS.313.9791","A/G","G","A/T"
"IRIS.313.9795","A","G","A"
"IRIS.313.9800","G","T","A"
"IRIS.313.9809","A","G","A"
"IRIS.313.9811","G","T","A"
"IRIS.313.9813","G","T","A"
"IRIS.313.9814","G","T","A"
"IRIS.313.9817","G","G","T"
"IRIS.313.9818","A","G","A"
"IRIS.313.9822","A","G","A"
"IRIS.313.9825","A","G","A"
"IRIS.313.9831","A/G","G","A"
"IRIS.313.9832","A","G","A"
"IRIS.313.9838","G","T","A"
"IRIS.313.9839","G","T","A"
"IRIS.313.9841","G","T","A"
"IRIS.313.9851","G","T","A"
"IRIS.313.9861","G","G","T"
"IRIS.313.9862","A","G","A"
"IRIS.313.9867","A","G","A"
"IRIS.313.9880","G","T","A"
"IRIS.313.9882","A","G","A"
"IRIS.313.9884","G","T","A"
"IRIS.313.9886","G","T","A"
"IRIS.313.9887","G","T","A"
"IRIS.313.9890","G","T","A"
"IRIS.313.9891","G","T","A"
"IRIS.313.9897","G","T","A"
"IRIS.313.9898","G","G","A"
"IRIS.313.9917","A","G","A"
"IRIS.313.9922","A","G","A"
"IRIS.313.9924","A","G","A"
"IRIS.313.9925","A","G","A"
"IRIS.313.9926","A","G","A"
"IRIS.313.9928","G","G","A"
"IRIS.313.9929","G","T","A"
"IRIS.313.9935","A","G","A"
"IRIS.313.9936","A","G","A"
"IRIS.313.9937","G","T","A"
"IRIS.313.9939","G","T","A"
"IRIS.313.9940","A","G","A"
"IRIS.313.9944","A","G","A"
"IRIS.313.9949","G","T","A"
"IRIS.313.9953","G","G","A"
"IRIS.313.9961","G","T","A"
"IRIS.313.9963","G","G","T"
"IRIS.313.9964","G","T","A"
"IRIS.313.9966","A","G","A"
"IRIS.313.9968","A","G","A"
"IRIS.313.9969","A","G","A"
"IRIS.313.9970","A","G","A"
"IRIS.313.9974","G","T","A"
"IRIS.313.9976","G","G","A"
"IRIS.313.9978","G","G","T"
"IRIS.313.9980","G","T","A"
"IRIS.313.9986","A","G","A"
"IRIS.313.9989","G","G","A"
"IRIS.313.9995","G","T","A"
"IRIS.313.9996","G","T","A"
"IRIS.313.10000","A","G","A"
"IRIS.313.10001","A","G","A"
"IRIS.313.10002","N","G","A"
"IRIS.313.10007","A","G","A"
"IRIS.313.10010","A","G","A"
"IRIS.313.10014","G","T","A"
"IRIS.313.10016","A","G","A"
"IRIS.313.10020","G","G","T"
"IRIS.313.10025","G","G","A"
"IRIS.313.10026","A","G","A"
"IRIS.313.10030","A","G","A"
"IRIS.313.10032","G","G","T"
"IRIS.313.10034","A","G","A"
"IRIS.313.10035","A","G","A"
"IRIS.313.10040","A","G","A"
"IRIS.313.10041","G","T","A"
"IRIS.313.10045","A","G","A"
"IRIS.313.10046","A","G","A"
"IRIS.313.10047","A","G","A"
"IRIS.313.10048","A","G","A"
"IRIS.313.10050","A","G","A"
"IRIS.313.10051","G","T","A"
"IRIS.313.10054","A","G","A"
"IRIS.313.10056","G","T","A"
"IRIS.313.10057","G","T","A"
"IRIS.313.10059","G","T","A"
"IRIS.313.10061","G","T","A"
"IRIS.313.10062","G","T","A"
"IRIS.313.10065","G","T","A"
"IRIS.313.10067","G","T","A"
"IRIS.313.10071","G","T","A"
"IRIS.313.10073","G","T","A"
"IRIS.313.10074","G","T","A"
"IRIS.313.10075","G","T","A"
"IRIS.313.10076","G","T","A"
"IRIS.313.10077","A","G","A"
"IRIS.313.10078","G","T","A"
"IRIS.313.10079","G","T","A"
"IRIS.313.10080","G","T","A"
"IRIS.313.10082","G","T","A"
"IRIS.313.10083","G","T","A"
"IRIS.313.10084","G","T","A"
"IRIS.313.10089","G","T","A"
"IRIS.313.10092","G","N","A"
"IRIS.313.10093","G","T","A"
"IRIS.313.10094","G","T","A"
"IRIS.313.10096","G","T","A"
"IRIS.313.10097","G","T","A"
"IRIS.313.10099","G","T","A"
"IRIS.313.10102","A","G","A"
"IRIS.313.10103","A","G","A"
"IRIS.313.10109","G","G","A"
"IRIS.313.10111","G","T","A"
"IRIS.313.10113","A","G","A"
"IRIS.313.10114","A","G","A"
"IRIS.313.10119","G","T","A"
"IRIS.313.10124","G","T","A"
"IRIS.313.10129","A","G","A"
"IRIS.313.10134","G","G","A"
"IRIS.313.10147","G","G","A"
"IRIS.313.10148","A","G","A"
"IRIS.313.10150","A","G","A"
"IRIS.313.10151","G","G","A"
"IRIS.313.10152","G","T","A"
"IRIS.313.10154","A","G","A"
"IRIS.313.10158","A","G","A"
"IRIS.313.10161","A","G","A"
"IRIS.313.10164","G","T","A"
"IRIS.313.10167","A","G","A"
"IRIS.313.10168","A","G","A"
"IRIS.313.10170","A","G","A"
"IRIS.313.10171","A","G","A"
"IRIS.313.10176","A/G","G/T","A"
"IRIS.313.10177","A","G","A"
"IRIS.313.10178","G","G","A"
"IRIS.313.10179","A","G","A"
"IRIS.313.10189","A","G","A"
"IRIS.313.10190","A","G","A"
"IRIS.313.10191","G","G","A"
"IRIS.313.10196","G","T","A"
"IRIS.313.10211","A","G","A"
"IRIS.313.10220","A","G","A"
"IRIS.313.10221","A","G","A"
"IRIS.313.10224","A","G","A"
"IRIS.313.10226","A","G","A"
"IRIS.313.10228","G","T","A"
"IRIS.313.10234","A","G","A"
"IRIS.313.10235","G","G","A"
"IRIS.313.10237","A","G","A"
"IRIS.313.10238","A","G","A"
"IRIS.313.10239","A","G","A"
"IRIS.313.10242","G","T","A"
"IRIS.313.10247","A","G","A"
"IRIS.313.10257","A","G","A"
"IRIS.313.10258","G","T","A"
"IRIS.313.10260","A","G","A"
"IRIS.313.10263","A","G","A"
"IRIS.313.10268","A","G","A"
"IRIS.313.10271","A","G","A"
"IRIS.313.10272","G","T","A"
"IRIS.313.10274","A","G","A"
"IRIS.313.10275","A","G","A"
"IRIS.313.10279","A","G","A"
"IRIS.313.10285","A","G","A"
"IRIS.313.10287","A","G","A"
"IRIS.313.10289","A","G","A"
"IRIS.313.10290","A","G","A"
"IRIS.313.10293","A","G","A"
"IRIS.313.10294","A","G","A"
"IRIS.313.10295","G","T","A"
"IRIS.313.10298","A","G","A"
"IRIS.313.10300","A","G","A"
"IRIS.313.10301","A","G","A"
"IRIS.313.10307","A","G","A"
"IRIS.313.10314","A","G","A"
"IRIS.313.10318","A","G","A"
"IRIS.313.10325","A","G","A"
"IRIS.313.10327","G","T","A"
"IRIS.313.10332","A","G","A"
"IRIS.313.10333","A","G","A"
"IRIS.313.10334","A","G","A"
"IRIS.313.10336","G","T","A"
"IRIS.313.10337","A","G","A"
"IRIS.313.10340","A","G","A"
"IRIS.313.10341","A","G","A"
"IRIS.313.10348","G","G","A/T"
"IRIS.313.10349","A","G","A"
"IRIS.313.10352","A","G","A"
"IRIS.313.10353","A","G","A"
"IRIS.313.10355","A","G","A"
"IRIS.313.10357","A","G","A"
"IRIS.313.10359","A","G","A"
"IRIS.313.10360","G","G","A"
"IRIS.313.10361","A","G","A"
"IRIS.313.10366","A","G","A"
"IRIS.313.10371","A","G","A"
"IRIS.313.10373","G","T","A"
"IRIS.313.10374","A","G","A"
"IRIS.313.10375","A","G","A"
"IRIS.313.10379","G","T","A"
"IRIS.313.10380","G","G","A"
"IRIS.313.10385","A","G","A"
"IRIS.313.10392","A","G","A"
"IRIS.313.10394","G","G","A"
"IRIS.313.10396","A","G","A"
"IRIS.313.10397","A","G","A"
"IRIS.313.10398","A","G","A"
"IRIS.313.10399","A","G","A"
"IRIS.313.10400","A","G","A"
"IRIS.313.10401","A","G","A"
"IRIS.313.10402","A","G","A"
"IRIS.313.10403","A","G","A"
"IRIS.313.10404","A","G","A"
"IRIS.313.10412","A","G","A"
"IRIS.313.10417","A","G","A"
"IRIS.313.10421","A","G","A"
"IRIS.313.10422","A","G","A"
"IRIS.313.10423","A","G","A"
"IRIS.313.10428","G","G","A"
"IRIS.313.10429","G","T","A"
"IRIS.313.10430","G","T","A"
"IRIS.313.10433","A","G","A"
"IRIS.313.10437","G","T","A"
"IRIS.313.10440","G","T","A"
"IRIS.313.10441","N","G","A"
"IRIS.313.10444","G","G/T","A"
"IRIS.313.10448","A","G","A"
"IRIS.313.10449","A","G","A"
"IRIS.313.10450","A","G","A"
"IRIS.313.10452","G","G","A"
"IRIS.313.10453","G","T","A"
"IRIS.313.10458","G","G","A"
"IRIS.313.10459","G","T","A"
"IRIS.313.10469","G","T","A"
"IRIS.313.10476","A","G","A"
"IRIS.313.10477","A","G","A"
"IRIS.313.10480","A","G","A"
"IRIS.313.10484","A/G","G/T","A"
"IRIS.313.10485","G","T","A"
"IRIS.313.10489","G","T","A"
"IRIS.313.10497","G","G","A"
"IRIS.313.10502","G","G","A"
"IRIS.313.10503","A","G","A"
"IRIS.313.10504","A","G","A"
"IRIS.313.10506","G","G","A"
"IRIS.313.10507","G","T","A"
"IRIS.313.10509","G","G","A"
"IRIS.313.10510","A","G","A"
"IRIS.313.10511","A","G","A"
"IRIS.313.10513","G","G","A"
"IRIS.313.10514","A","G","A"
"IRIS.313.10515","G","G","A"
"IRIS.313.10516","A","G","A"
"IRIS.313.10517","A","G","A"
"IRIS.313.10518","A","G","A"
"IRIS.313.10519","A","G","A"
"IRIS.313.10520","G","G","A"
"IRIS.313.10521","G","G","A"
"IRIS.313.10522","A","G","A"
"IRIS.313.10523","G","G","A"
"IRIS.313.10524","G","G","A"
"IRIS.313.10525","A","G","A"
"IRIS.313.10526","G","G","A"
"IRIS.313.10527","A","G","A"
"IRIS.313.10531","G","G","A"
"IRIS.313.10534","G","G","T"
"IRIS.313.10536","A","G","A"
"IRIS.313.10537","G","G","A"
"IRIS.313.10539","G","N","A"
"IRIS.313.10541","G","T","A"
"IRIS.313.10542","A","G","A"
"IRIS.313.10543","G","G","T"
"IRIS.313.10544","A","G","A"
"IRIS.313.10545","G","G","T"
"IRIS.313.10547","G","G","A"
"IRIS.313.10549","G","G","T"
"IRIS.313.10550","A","G","A"
"IRIS.313.10552","G","T","A"
"IRIS.313.10554","A","G","A"
"IRIS.313.10555","A","G","A"
"IRIS.313.10556","A","G","A"
"IRIS.313.10557","G","G","A"
"IRIS.313.10558","G","T","A"
"IRIS.313.10559","G","T","A"
"IRIS.313.10560","A","G","A"
"IRIS.313.10561","A","G","A"
"IRIS.313.10562","G","T","A"
"IRIS.313.10563","G","T","A"
"IRIS.313.10564","G","T","A"
"IRIS.313.10565","A","G","A"
"IRIS.313.10566","A","G","A"
"IRIS.313.10567","G","T","A"
"IRIS.313.10568","G","T","A"
"IRIS.313.10569","G","T","A"
"IRIS.313.10570","G","T","A"
"IRIS.313.10572","A","G","A"
"IRIS.313.10573","A","G","A"
"IRIS.313.10574","A","G","A"
"IRIS.313.10575","A","G","A"
"IRIS.313.10576","A","G","A"
"IRIS.313.10577","G","T","A"
"IRIS.313.10578","G","T","A"
"IRIS.313.10580","G","T","A"
"IRIS.313.10581","G","T","A"
"IRIS.313.10582","G","T","A"
"IRIS.313.10583","G","T","A"
"IRIS.313.10585","A","G","A"
"IRIS.313.10587","G","G","T"
"IRIS.313.10592","G","G","T"
"IRIS.313.10593","G","G","T"
"IRIS.313.10594","A/G","G","N"
"IRIS.313.10595","G","G","T"
"IRIS.313.10598","G","G","T"
"IRIS.313.10600","A","G","A"
"IRIS.313.10602","G","G","T"
"IRIS.313.10603","G","G","T"
"IRIS.313.10604","G","G","T"
"IRIS.313.10605","G","G","T"
"IRIS.313.10606","G","G","T"
"IRIS.313.10608","G","G","T"
"IRIS.313.10609","A","G","A"
"IRIS.313.10610","A","G","A"
"IRIS.313.10614","A","G","A"
"IRIS.313.10617","G","T","A"
"IRIS.313.10618","G","T","A"
"IRIS.313.10619","G","T","A"
"IRIS.313.10620","G","T","A"
"IRIS.313.10623","G","G","T"
"IRIS.313.10628","A","G","A"
"IRIS.313.10631","G","T","A"
"IRIS.313.10640","A","G","A"
"IRIS.313.10642","G","T","A"
"IRIS.313.10644","G","T","A"
"IRIS.313.10645","G","T","A"
"IRIS.313.10648","G","G","A"
"IRIS.313.10649","G","G","A"
"IRIS.313.10650","A","G","A"
"IRIS.313.10651","G","G","A"
"IRIS.313.10652","G","G","A"
"IRIS.313.10653","G","T","A"
"IRIS.313.10654","A","G","A"
"IRIS.313.10655","G","G","A"
"IRIS.313.10656","G","T","A"
"IRIS.313.10657","G","T","A"
"IRIS.313.10659","G","G","A"
"IRIS.313.10660","G","T","A"
"IRIS.313.10661","A","G","A"
"IRIS.313.10662","A","G","A"
"IRIS.313.10664","A","G","A"
"IRIS.313.10666","A","G","A"
"IRIS.313.10667","A","G","A"
"IRIS.313.10668","A","G","A"
"IRIS.313.10670","G","G","A"
"IRIS.313.10671","A","G","A"
"IRIS.313.10673","G","G","T"
"IRIS.313.10674","A","G","A"
"IRIS.313.10675","A","G","A"
"IRIS.313.10676","A","G","A"
"IRIS.313.10677","G","T","A"
"IRIS.313.10678","A","G","A"
"IRIS.313.10679","G","T","A"
"IRIS.313.10680","G","G","A"
"IRIS.313.10681","G","G","A"
"IRIS.313.10682","G","G","A"
"IRIS.313.10683","G","G","A"
"IRIS.313.10684","G","G","A"
"IRIS.313.10687","A","G","A"
"IRIS.313.10688","A","G","A"
"IRIS.313.10689","G","G","A"
"IRIS.313.10690","A/G","G","A"
"IRIS.313.10692","A","G","A"
"IRIS.313.10693","G","G","A"
"IRIS.313.10694","G","G","A"
"IRIS.313.10695","G","G","A"
"IRIS.313.10697","A/G","G","A"
"IRIS.313.10698","A","G","A"
"IRIS.313.10699","A","G","A"
"IRIS.313.10700","A","G","A"
"IRIS.313.10701","A","G","A"
"IRIS.313.10702","G","G","A"
"IRIS.313.10703","G","T","A"
"IRIS.313.10704","G","T","A"
"IRIS.313.10705","A","G","A"
"IRIS.313.10706","G","G","A"
"IRIS.313.10707","A","G","A"
"IRIS.313.10708","G","T","A"
"IRIS.313.10710","G","T","A"
"IRIS.313.10711","G","T","A"
"IRIS.313.10712","G","T","A"
"IRIS.313.10715","A","G","A"
"IRIS.313.10716","A","G","A"
"IRIS.313.10717","A","G","A"
"IRIS.313.10718","G","G","T"
"IRIS.313.10719","A","G","A"
"IRIS.313.10720","A","G","A"
"IRIS.313.10721","A","G","A"
"IRIS.313.10722","G","T","A"
"IRIS.313.10723","A","G","A"
"IRIS.313.10724","A","G","A"
"IRIS.313.10725","A","G","A"
"IRIS.313.10726","A","G","A"
"IRIS.313.10727","A","G","A"
"IRIS.313.10728","A","G","A"
"IRIS.313.10729","G","G","A"
"IRIS.313.10730","G","T","A"
"IRIS.313.10731","A","G","A"
"IRIS.313.10732","G","G","A"
"IRIS.313.10733","A","G","A"
"IRIS.313.10734","A","G","A"
"IRIS.313.10735","A","G","A"
"IRIS.313.10736","G","G","T"
"IRIS.313.10737","A","G","A"
"IRIS.313.10738","G","G","A"
"IRIS.313.10739","A/G","G/T","A"
"IRIS.313.10740","G","G","A"
"IRIS.313.10741","G","G","A"
"IRIS.313.10742","G","G","A"
"IRIS.313.10743","G","T","A"
"IRIS.313.10744","G","G","A"
"IRIS.313.10745","G","G","A"
"IRIS.313.10746","N","G","A"
"IRIS.313.10747","G","T","A"
"IRIS.313.10748","G","G","A"
"IRIS.313.10749","A","G","A"
"IRIS.313.10750","A","G","A"
"IRIS.313.10751","G","G","A"
"IRIS.313.10752","G","T","A"
"IRIS.313.10753","A","G","A"
"IRIS.313.10754","A","G","A"
"IRIS.313.10755","A","G","A"
"IRIS.313.10756","G","G","T"
"IRIS.313.10757","A","G","A"
"IRIS.313.10758","G","T","A"
"IRIS.313.10759","G","G","A"
"IRIS.313.10760","A","G","A"
"IRIS.313.10761","G","G","A"
"IRIS.313.10762","G","G","A"
"IRIS.313.10765","G","T","A"
"IRIS.313.10766","G","G","A"
"IRIS.313.10767","G","G","A"
"IRIS.313.10768","G","G","A"
"IRIS.313.10769","A","G","A"
"IRIS.313.10770","G","G","A"
"IRIS.313.10771","G","G/T","A"
"IRIS.313.10772","A","G","A"
"IRIS.313.10773","G","G","A"
"IRIS.313.10774","A","G","A"
"IRIS.313.10775","A/G","G","A"
"IRIS.313.10776","G","T","A"
"IRIS.313.10777","G","G","A"
"IRIS.313.10778","G","G","A"
"IRIS.313.10779","G","G","A"
"IRIS.313.10780","G","G","A"
"IRIS.313.10781","G","G","A"
"IRIS.313.10782","A","G","A"
"IRIS.313.10783","G","T","A"
"IRIS.313.10784","G","G","A"
"IRIS.313.10785","G","G","A"
"IRIS.313.10786","G","G","A"
"IRIS.313.10787","G","G","A"
"IRIS.313.10788","G","G","A"
"IRIS.313.10789","G","T","A"
"IRIS.313.10790","G","T","A"
"IRIS.313.10791","G","G","A"
"IRIS.313.10792","A","G","A"
"IRIS.313.10793","G","T","A"
"IRIS.313.10794","G","T","A"
"IRIS.313.10795","G","T","A"
"IRIS.313.10796","G","T","A"
"IRIS.313.10797","G","G","A"
"IRIS.313.10798","G","T","A"
"IRIS.313.10799","G","T","A"
"IRIS.313.10800","G","G","A"
"IRIS.313.10801","G","G","A"
"IRIS.313.10802","G","G","A"
"IRIS.313.10803","G","G","A"
"IRIS.313.10804","G","G","A"
"IRIS.313.10805","G","G","A"
"IRIS.313.10806","G","G","A"
"IRIS.313.10807","G","G","A"
"IRIS.313.10808","G","G","A"
"IRIS.313.10809","G","G","A"
"IRIS.313.10810","A","G","A"
"IRIS.313.10811","G","G","A"
"IRIS.313.10812","A","G","A"
"IRIS.313.10813","G","G","A"
"IRIS.313.10814","A","G","A"
"IRIS.313.10815","G","T","A"
"IRIS.313.10816","G","T","A"
"IRIS.313.10817","G","G","A"
"IRIS.313.10818","A","G","A"
"IRIS.313.10819","G","G","A"
"IRIS.313.10820","G","G","A"
"IRIS.313.10821","G","G","A"
"IRIS.313.10822","G","G","A"
"IRIS.313.10823","A","G","A"
"IRIS.313.10824","A","G","A"
"IRIS.313.10825","A/G","G","A"
"IRIS.313.10827","G","T","A"
"IRIS.313.10828","G","T","A"
"IRIS.313.10829","G","T","A"
"IRIS.313.10830","G","T","A"
"IRIS.313.10831","G","T","A"
"IRIS.313.10832","G","T","A"
"IRIS.313.10833","A","G","A"
"IRIS.313.10834","G","T","A"
"IRIS.313.10835","A","G","A"
"IRIS.313.10836","A","G","A"
"IRIS.313.10837","G","T","A"
"IRIS.313.10838","G","T","A"
"IRIS.313.10839","G","T","A"
"IRIS.313.10840","G","T","A"
"IRIS.313.10841","G","G/T","A"
"IRIS.313.10842","A","G","A"
"IRIS.313.10844","A","G","A"
"IRIS.313.10845","G","G","T"
"IRIS.313.10847","A","G","A"
"IRIS.313.10848","A","G","A"
"IRIS.313.10849","G","G","T"
"IRIS.313.10850","A/G","G/T","A"
"IRIS.313.10851","N","G","A"
"IRIS.313.10852","G","G","T"
"IRIS.313.10853","A","G","A"
"IRIS.313.10854","A","G","A"
"IRIS.313.10855","A","G","A"
"IRIS.313.10856","A","G","A"
"IRIS.313.10857","A","G","A"
"IRIS.313.10858","A","G","A"
"IRIS.313.10859","A","G","A"
"IRIS.313.10861","A","G","A"
"IRIS.313.10862","A","G","A"
"IRIS.313.10863","A","G","A"
"IRIS.313.10864","G","T","A"
"IRIS.313.10865","G","T","A"
"IRIS.313.10866","G","T","A"
"IRIS.313.10867","G","T","A"
"IRIS.313.10868","G","G","A"
"IRIS.313.10869","G","G","A"
"IRIS.313.10870","G","T","A"
"IRIS.313.10871","G","G","A"
"IRIS.313.10872","G","T","A"
"IRIS.313.10873","G","G","A"
"IRIS.313.10874","G","T","A"
"IRIS.313.10875","A","G","A"
"IRIS.313.10876","G","G","A"
"IRIS.313.10877","A","G","A"
"IRIS.313.10878","A","G","A"
"IRIS.313.10879","A","G","A"
"IRIS.313.10880","A","G","A"
"IRIS.313.10881","G","G","A"
"IRIS.313.10882","A","G","A"
"IRIS.313.10883","A","G","A"
"IRIS.313.10884","G","T","A"
"IRIS.313.10885","G","G","A"
"IRIS.313.10886","G","T","A"
"IRIS.313.10887","G","G","A"
"IRIS.313.10888","G","T","A"
"IRIS.313.10889","G","T","A"
"IRIS.313.10890","G","T","A"
"IRIS.313.10891","G","G","A"
"IRIS.313.10892","A","G","A"
"IRIS.313.10893","A","G","A"
"IRIS.313.10894","G","G","A"
"IRIS.313.10895","G","T","A"
"IRIS.313.10896","G","G","A"
"IRIS.313.10897","A","G","A"
"IRIS.313.10898","G","G","A"
"IRIS.313.10899","G","G","A"
"IRIS.313.10900","G","G","A"
"IRIS.313.10901","G","G","A"
"IRIS.313.10902","A","G","A"
"IRIS.313.10903","A","G","A"
"IRIS.313.10904","A","G","A"
"IRIS.313.10905","A","G","A"
"IRIS.313.10906","G","G","A"
"IRIS.313.10907","G","G","A"
"IRIS.313.10908","A","G","A"
"IRIS.313.10909","A","G","A"
"IRIS.313.10910","G","G","A"
"IRIS.313.10911","A","G","A"
"IRIS.313.10912","A","G","A"
"IRIS.313.10913","A","G","A"
"IRIS.313.10915","A","G","A"
"IRIS.313.10916","G","T","A"
"IRIS.313.10917","G","G","A"
"IRIS.313.10918","G","T","A"
"IRIS.313.10919","G","G","A"
"IRIS.313.10920","G","G","A"
"IRIS.313.10921","G","G","A"
"IRIS.313.10922","G","T","A"
"IRIS.313.10923","G","T","A"
"IRIS.313.10924","G","G","A"
"IRIS.313.10925","G","G","T"
"IRIS.313.10926","G","G","A"
"IRIS.313.10927","G","G","A"
"IRIS.313.10928","A","G","A"
"IRIS.313.10929","A","G","A"
"IRIS.313.10930","G","G","T"
"IRIS.313.10931","G","T","A"
"IRIS.313.10932","A","G","A"
"IRIS.313.10933","G","G","A"
"IRIS.313.10934","A","G","A"
"IRIS.313.10935","G","G","A"
"IRIS.313.10936","G","G","A"
"IRIS.313.10937","A","G","A"
"IRIS.313.10938","A","G","A"
"IRIS.313.10940","A","G","A"
"IRIS.313.10941","A","G","A"
"IRIS.313.10942","A","G","A"
"IRIS.313.10943","A","G","A"
"IRIS.313.10944","A","G","A"
"IRIS.313.10945","G","T","A"
"IRIS.313.10946","G","T","A"
"IRIS.313.10947","G","G","A"
"IRIS.313.10948","G","G/T","A"
"IRIS.313.10949","G","T","A"
"IRIS.313.10950","G","T","A"
"IRIS.313.10951","A","G","A"
"IRIS.313.10952","G","T","A"
"IRIS.313.10953","G","T","A"
"IRIS.313.10954","A","G","A"
"IRIS.313.10955","A","G","A"
"IRIS.313.10956","G","G","A"
"IRIS.313.10957","G","T","A"
"IRIS.313.10958","G","T","A"
"IRIS.313.10959","G","T","A"
"IRIS.313.10960","G","T","A"
"IRIS.313.10961","A","G","A"
"IRIS.313.10962","A","G","A"
"IRIS.313.10963","G","G","T"
"IRIS.313.10964","G","G","T"
"IRIS.313.10965","A","G","A"
"IRIS.313.10966","A","G","A"
"IRIS.313.10967","G","T","A"
"IRIS.313.10968","A","G","A"
"IRIS.313.10969","A","G","A"
"IRIS.313.10970","A","G","A"
"IRIS.313.10971","A","G","A"
"IRIS.313.10972","A","G","A"
"IRIS.313.10973","G","G","A"
"IRIS.313.10974","G","G","A"
"IRIS.313.10975","A","G","A"
"IRIS.313.10976","G","G","T"
"IRIS.313.10977","A","G","A"
"IRIS.313.10978","G","G","A"
"IRIS.313.10979","G","G","A"
"IRIS.313.10980","A/G","G","A"
"IRIS.313.10981","G","G","A"
"IRIS.313.10982","G","G","A"
"IRIS.313.10983","G","G","A"
"IRIS.313.10984","G","G","A"
"IRIS.313.10985","A","G","A"
"IRIS.313.10986","A","G","A"
"IRIS.313.10987","G","G","T"
"IRIS.313.10988","A","G","A"
"IRIS.313.10989","A","G","A"
"IRIS.313.10990","G","G","A"
"IRIS.313.10991","G","T","A"
"IRIS.313.10992","G","T","A"
"IRIS.313.10993","G","T","A"
"IRIS.313.10994","G","G","A"
"IRIS.313.10995","G","G","A"
"IRIS.313.10996","A","G","A"
"IRIS.313.10997","A","G","A"
"IRIS.313.10998","A","G","A"
"IRIS.313.10999","G","T","A"
"IRIS.313.11000","G","G","A"
"IRIS.313.11001","G","T","A"
"IRIS.313.11003","G","T","A"
"IRIS.313.11004","G","T","A"
"IRIS.313.11005","G","N","A"
"IRIS.313.11006","G","G","A"
"IRIS.313.11007","G","G","A"
"IRIS.313.11008","G","G/T","A"
"IRIS.313.11009","G","T","A"
"IRIS.313.11010","G","G","A"
"IRIS.313.11011","A","G","A"
"IRIS.313.11012","A","G","A"
"IRIS.313.11013","G","G","T"
"IRIS.313.11014","G","G","T"
"IRIS.313.11015","G","G","T"
"IRIS.313.11016","G","G","T"
"IRIS.313.11017","G","G","T"
"IRIS.313.11018","G","G","T"
"IRIS.313.11019","G","G","T"
"IRIS.313.11020","G","G","T"
"IRIS.313.11021","G","G","A"
"IRIS.313.11022","G","G","A"
"IRIS.313.11023","G","G","A"
"IRIS.313.11024","G","G","T"
"IRIS.313.11025","G","G","T"
"IRIS.313.11026","G","G","A"
"IRIS.313.11027","A","G","A"
"IRIS.313.11028","G","G","T"
"IRIS.313.11029","G","G","T"
"IRIS.313.11030","G","G","A"
"IRIS.313.11031","N","G","A/T"
"IRIS.313.11032","G","G","A"
"IRIS.313.11033","G","G","A"
"IRIS.313.11034","G","G","T"
"IRIS.313.11035","A","G","A"
"IRIS.313.11036","G","G","A"
"IRIS.313.11037","G","G","T"
"IRIS.313.11038","A","G","A"
"IRIS.313.11039","A","G","A"
"IRIS.313.11040","G","G","A"
"IRIS.313.11041","A","G","A"
"IRIS.313.11042","A","G","A"
"IRIS.313.11043","G","G","A"
"IRIS.313.11044","G","T","A"
"IRIS.313.11045","G","T","A"
"IRIS.313.11046","G","T","A"
"IRIS.313.11047","G","G","T"
"IRIS.313.11048","G","G","T"
"IRIS.313.11049","G","G","T"
"IRIS.313.11050","G","G","T"
"IRIS.313.11051","G","G","T"
"IRIS.313.11052","G","G","T"
"IRIS.313.11053","A","G","A"
"IRIS.313.11054","G","G","T"
"IRIS.313.11055","G","G","T"
"IRIS.313.11056","G","G","T"
"IRIS.313.11057","G","G","T"
"IRIS.313.11058","G","G","T"
"IRIS.313.11059","G","G","T"
"IRIS.313.11060","G","G","T"
"IRIS.313.11061","A","G","A"
"IRIS.313.11062","G","T","A"
"IRIS.313.11063","G","G","T"
"IRIS.313.11064","G","G","T"
"IRIS.313.11065","G","G","T"
"IRIS.313.11066","G","T","A"
"IRIS.313.11067","G","G","T"
"IRIS.313.11068","G","T","A"
"IRIS.313.11069","G","G","A"
"IRIS.313.11070","G","T","A"
"IRIS.313.11071","G","G","A"
"IRIS.313.11072","G","G","A"
"IRIS.313.11073","G","N","A"
"IRIS.313.11074","G","G","A"
"IRIS.313.11075","G","T","A"
"IRIS.313.11076","A","G","A"
"IRIS.313.11077","G","T","A"
"IRIS.313.11078","A","G","A"
"IRIS.313.11079","A/G","G","A"
"IRIS.313.11080","G","G","A"
"IRIS.313.11081","G","G","A"
"IRIS.313.11082","G","G","A"
"IRIS.313.11083","G","G","A"
"IRIS.313.11084","A","G","A"
"IRIS.313.11085","A","G","A"
"IRIS.313.11086","G","G","A"
"IRIS.313.11087","A","G","A"
"IRIS.313.11088","G","G","A"
"IRIS.313.11089","A","G","A"
"IRIS.313.11090","G","G","A"
"IRIS.313.11091","G","G","A"
"IRIS.313.11092","A/G","G/T","A"
"IRIS.313.11093","G","T","A"
"IRIS.313.11094","G","T","A"
"IRIS.313.11095","G","G/T","A"
"IRIS.313.11096","A","G","A"
"IRIS.313.11097","A","G","A"
"IRIS.313.11098","G","G","A"
"IRIS.313.11099","A","G","A"
"IRIS.313.11100","G","T","A"
"IRIS.313.11101","G","G","A"
"IRIS.313.11102","G","T","A"
"IRIS.313.11103","G","T","A"
"IRIS.313.11104","G","T","A"
"IRIS.313.11105","G","T","A"
"IRIS.313.11106","G","T","A"
"IRIS.313.11107","G","T","A"
"IRIS.313.11108","G","G","A"
"IRIS.313.11109","G","T","A"
"IRIS.313.11110","A","G","A"
"IRIS.313.11111","G","G","T"
"IRIS.313.11112","G","G","A"
"IRIS.313.11113","A","G","A"
"IRIS.313.11114","A","G","A"
"IRIS.313.11115","A","G","A"
"IRIS.313.11116","G","G","T"
"IRIS.313.11117","G","T","A"
"IRIS.313.11118","A","G","A"
"IRIS.313.11119","G","G","A"
"IRIS.313.11120","A","G","A"
"IRIS.313.11121","G","T","A"
"IRIS.313.11122","A","G","A"
"IRIS.313.11123","G","G","A"
"IRIS.313.11124","G","G","A"
"IRIS.313.11125","G","G","A"
"IRIS.313.11126","A","G","A"
"IRIS.313.11127","G","T","A"
"IRIS.313.11128","A/G","G","A"
"IRIS.313.11129","G","G","A"
"IRIS.313.11130","A","G","A"
"IRIS.313.11131","A","G","A"
"IRIS.313.11132","G","G","A"
"IRIS.313.11133","G","G","A"
"IRIS.313.11134","A","G","A"
"IRIS.313.11135","A/G","G","A"
"IRIS.313.11136","A","G","A"
"IRIS.313.11137","A","G","A"
"IRIS.313.11138","G","G","A"
"IRIS.313.11139","A","G","A"
"IRIS.313.11140","A","G","A"
"IRIS.313.11141","G","G","A"
"IRIS.313.11142","G","G","A"
"IRIS.313.11143","A/G","G","A"
"IRIS.313.11144","A","G","A"
"IRIS.313.11145","G","G","A"
"IRIS.313.11146","G","G","A"
"IRIS.313.11147","G","G","A"
"IRIS.313.11148","A","G","A"
"IRIS.313.11149","G","G","A"
"IRIS.313.11150","A","G","A"
"IRIS.313.11151","G","G","A"
"IRIS.313.11152","A","G","A"
"IRIS.313.11153","G","T","A"
"IRIS.313.11154","G","G","A/T"
"IRIS.313.11155","G","T","A"
"IRIS.313.11156","G","T","A"
"IRIS.313.11157","A","G","A"
"IRIS.313.11158","A","N","A"
"IRIS.313.11159","G","T","A"
"IRIS.313.11160","A","G","A"
"IRIS.313.11161","G","T","A"
"IRIS.313.11162","A","G","A"
"IRIS.313.11163","G","G","T"
"IRIS.313.11164","A","G","A"
"IRIS.313.11165","A","G","A"
"IRIS.313.11166","G","G","T"
"IRIS.313.11167","A","G","A"
"IRIS.313.11168","A","G","A"
"IRIS.313.11169","G","G","T"
"IRIS.313.11170","G","G","T"
"IRIS.313.11171","G","G","T"
"IRIS.313.11172","A","G","A"
"IRIS.313.11173","A","G","A"
"IRIS.313.11174","A","G","A"
"IRIS.313.11175","A","G","A"
"IRIS.313.11176","A/G","G","A"
"IRIS.313.11177","G","G","A"
"IRIS.313.11178","A","G","A"
"IRIS.313.11179","A","G","A"
"IRIS.313.11180","A","G","A"
"IRIS.313.11181","A","G","A"
"IRIS.313.11182","A","G","A"
"IRIS.313.11183","G","T","A"
"IRIS.313.11189","G","G","A"
"IRIS.313.11191","G","G","T"
"IRIS.313.11192","A","G","A"
"IRIS.313.11193","G","G","A"
"IRIS.313.11194","G","G","A"
"IRIS.313.11195","G","T","A"
"IRIS.313.11196","A","G","A"
"IRIS.313.11197","A","G","A"
"IRIS.313.11198","G","T","A"
"IRIS.313.11199","A","G","A"
"IRIS.313.11200","A","G","A"
"IRIS.313.11201","G","T","A"
"IRIS.313.11202","G","T","A"
"IRIS.313.11203","A","G","A"
"IRIS.313.11204","A/G","G","A"
"IRIS.313.11205","G","G","A"
"IRIS.313.11206","G","G","A"
"IRIS.313.11207","G","G","A"
"IRIS.313.11208","A","G","A"
"IRIS.313.11209","A","G","A"
"IRIS.313.11210","G","G","T"
"IRIS.313.11211","A","G","A"
"IRIS.313.11212","A","G","A"
"IRIS.313.11213","G","G","T"
"IRIS.313.11214","G","G/T","T"
"IRIS.313.11216","G","G","A"
"IRIS.313.11217","G","G","A"
"IRIS.313.11218","G","G","A"
"IRIS.313.11219","G","G","T"
"IRIS.313.11220","A","G","A"
"IRIS.313.11221","A","G","A"
"IRIS.313.11222","G","G","A"
"IRIS.313.11223","A/G","G","A"
"IRIS.313.11224","A","G","A"
"IRIS.313.11225","A","G","A"
"IRIS.313.11226","G","G","A"
"IRIS.313.11227","A","G","A"
"IRIS.313.11228","A/G","G","A"
"IRIS.313.11229","A","G","A"
"IRIS.313.11230","A","G","A"
"IRIS.313.11231","G","G","A"
"IRIS.313.11232","G","G","T"
"IRIS.313.11233","A","G","A"
"IRIS.313.11234","G","G","A"
"IRIS.313.11235","A","G","A"
"IRIS.313.11236","A","G","A"
"IRIS.313.11237","A","G","A"
"IRIS.313.11238","G","T","A"
"IRIS.313.11239","A","G","A"
"IRIS.313.11240","A","G","A"
"IRIS.313.11241","G","G","A"
"IRIS.313.11242","A","G","A"
"IRIS.313.11243","A","G","A"
"IRIS.313.11244","A","G","A"
"IRIS.313.11245","A","G","A"
"IRIS.313.11246","G","T","A"
"IRIS.313.11247","G","G","A"
"IRIS.313.11248","G","T","A"
"IRIS.313.11249","A","G","A"
"IRIS.313.11250","A","G","A"
"IRIS.313.11251","A","G","A"
"IRIS.313.11252","A","G","A"
"IRIS.313.11253","A","G","A"
"IRIS.313.11254","G","G","A"
"IRIS.313.11255","A","G","A"
"IRIS.313.11256","A","G","A"
"IRIS.313.11257","G","T","A"
"IRIS.313.11258","G","G","A"
"IRIS.313.11259","G","G","A"
"IRIS.313.11260","G","G","A"
"IRIS.313.11261","G","G","A"
"IRIS.313.11262","A","G","A"
"IRIS.313.11263","A","G","A"
"IRIS.313.11264","A","G","A"
"IRIS.313.11265","G","G","A"
"IRIS.313.11266","A","G","A"
"IRIS.313.11267","A","G","A"
"IRIS.313.11268","G","G","A"
"IRIS.313.11269","A/G","G","A"
"IRIS.313.11270","G","G","A"
"IRIS.313.11271","A","G","A"
"IRIS.313.11272","G","G","T"
"IRIS.313.11273","A","G","A"
"IRIS.313.11274","G","G","A/T"
"IRIS.313.11275","A","G","A"
"IRIS.313.11276","G","G","A"
"IRIS.313.11277","G","G","A"
"IRIS.313.11278","A/G","G","A"
"IRIS.313.11279","G","G","A"
"IRIS.313.11280","A","G","A"
"IRIS.313.11281","A","G","A"
"IRIS.313.11282","A","G","A"
"IRIS.313.11283","A","G","A"
"IRIS.313.11284","A","G","A"
"IRIS.313.11285","A","G","A"
"IRIS.313.11286","A/G","G/T","A"
"IRIS.313.11287","A","G","A"
"IRIS.313.11288","A","G","A"
"IRIS.313.11289","G","G","A"
"IRIS.313.11290","A/G","G","A"
"IRIS.313.11291","A","G","A"
"IRIS.313.11292","A","G","A"
"IRIS.313.11293","N","G","A"
"IRIS.313.11294","A","G","A"
"IRIS.313.11295","A","G","A"
"IRIS.313.11296","A","G","A"
"IRIS.313.11297","G","G","A"
"IRIS.313.11298","A","G","A"
"IRIS.313.11299","G","G","A"
"IRIS.313.11300","A","G","A"
"IRIS.313.11301","A","G","A"
"IRIS.313.11302","A","G","A"
"IRIS.313.11303","A/G","G","A"
"IRIS.313.11304","G","G","A"
"IRIS.313.11305","A","G","A"
"IRIS.313.11306","A","G","A"
"IRIS.313.11307","A","G","A"
"IRIS.313.11308","A","G","A"
"IRIS.313.11309","G","G","A"
"IRIS.313.11310","A","G","A"
"IRIS.313.11311","G","G","A"
"IRIS.313.11312","G","G","A"
"IRIS.313.11313","G","T","A"
"IRIS.313.11314","G","T","A"
"IRIS.313.11315","A","G","A"
"IRIS.313.11316","G","G","A"
"IRIS.313.11317","A","G","A"
"IRIS.313.11318","A","G","A"
"IRIS.313.11319","G","G","A"
"IRIS.313.11320","G","G","A"
"IRIS.313.11321","A","G","A"
"IRIS.313.11322","G","G","T"
"IRIS.313.11323","G","G","T"
"IRIS.313.11324","G","G","T"
"IRIS.313.11325","A","G","A"
"IRIS.313.11326","A","G","A"
"IRIS.313.11327","G","G","A"
"IRIS.313.11328","G","T","A"
"IRIS.313.11329","G","T","A"
"IRIS.313.11330","A","G","A"
"IRIS.313.11331","A","G","A"
"IRIS.313.11334","A","G","A"
"IRIS.313.11335","A","G","A"
"IRIS.313.11336","G","T","A"
"IRIS.313.11337","G","T","A"
"IRIS.313.11338","G","G","A"
"IRIS.313.11339","G","G","A"
"IRIS.313.11340","G","T","A"
"IRIS.313.11341","A","G","A"
"IRIS.313.11342","A","G","A"
"IRIS.313.11343","A","G","A"
"IRIS.313.11344","G","G","A"
"IRIS.313.11345","A","G","A"
"IRIS.313.11346","A","G","A"
"IRIS.313.11347","A","G","A"
"IRIS.313.11348","G","G","T"
"IRIS.313.11349","A","G","A"
"IRIS.313.11350","A","G","A"
"IRIS.313.11351","A","G","A"
"IRIS.313.11352","G","G","A"
"IRIS.313.11353","G","G","T"
"IRIS.313.11354","G","G","T"
"IRIS.313.11355","A","G","A"
"IRIS.313.11356","G","G","A"
"IRIS.313.11357","A","G","A"
"IRIS.313.11358","A","G","A"
"IRIS.313.11359","A","G","A"
"IRIS.313.11360","G","G","A"
"IRIS.313.11361","A","G","A"
"IRIS.313.11362","G","G","A"
"IRIS.313.11363","A","G","A"
"IRIS.313.11364","A","G","A"
"IRIS.313.11365","A","G","A"
"IRIS.313.11367","A","G","A"
"IRIS.313.11368","A","G","A"
"IRIS.313.11369","A","G","A"
"IRIS.313.11370","A","G","A"
"IRIS.313.11371","G","G","T"
"IRIS.313.11372","A","G","A"
"IRIS.313.11373","G","G","A"
"IRIS.313.11374","G","G","T"
"IRIS.313.11375","A","G","A"
"IRIS.313.11376","G","T","A"
"IRIS.313.11377","A","G","A"
"IRIS.313.11379","G","T","A"
"IRIS.313.11380","G","N","A"
"IRIS.313.11381","G","G","A"
"IRIS.313.11382","G","G","A"
"IRIS.313.11383","A","G","A"
"IRIS.313.11384","A","G","A"
"IRIS.313.11385","A","G","A"
"IRIS.313.11386","G","G","A"
"IRIS.313.11387","G","G","A"
"IRIS.313.11388","A","G","A"
"IRIS.313.11389","G","G","A"
"IRIS.313.11390","G","G","A"
"IRIS.313.11391","A","G","A"
"IRIS.313.11392","A","G","A"
"IRIS.313.11393","A","G","A"
"IRIS.313.11394","G","G","A"
"IRIS.313.11395","G","G","A"
"IRIS.313.11396","G","T","A"
"IRIS.313.11397","G","T","A"
"IRIS.313.11398","A","G","A"
"IRIS.313.11399","A","G","A"
"IRIS.313.11400","A","G","A"
"IRIS.313.11401","G","G","A"
"IRIS.313.11402","A","G","A"
"IRIS.313.11403","A","G","A"
"IRIS.313.11404","A","G","A"
"IRIS.313.11405","A/G","G","A"
"IRIS.313.11406","G","G","A"
"IRIS.313.11407","A","G","A"
"IRIS.313.11408","A","G","A"
"IRIS.313.11409","A","G","A"
"IRIS.313.11410","G","G","A"
"IRIS.313.11411","A","G","A"
"IRIS.313.11413","G","G","T"
"IRIS.313.11414","A","G","A"
"IRIS.313.11415","A/G","G","A"
"IRIS.313.11416","A","G","A"
"IRIS.313.11417","A","G","A"
"IRIS.313.11418","A","G","A"
"IRIS.313.11419","A","G","A"
"IRIS.313.11420","A","G","A"
"IRIS.313.11421","A","G","A"
"IRIS.313.11422","A","G","A"
"IRIS.313.11423","A","G","A"
"IRIS.313.11424","G","T","A"
"IRIS.313.11425","A/G","G/T","A"
"IRIS.313.11426","G","T","A"
"IRIS.313.11427","G","T","A"
"IRIS.313.11428","G","T","A"
"IRIS.313.11429","G","T","A"
"IRIS.313.11431","A","G","A"
"IRIS.313.11432","G","G","T"
"IRIS.313.11433","A","G","A"
"IRIS.313.11434","G","T","A"
"IRIS.313.11435","G","T","A"
"IRIS.313.11436","G","T","A"
"IRIS.313.11437","A","G","A"
"IRIS.313.11438","G","G","A"
"IRIS.313.11439","G","T","A"
"IRIS.313.11441","G","T","A"
"IRIS.313.11442","G","G","A"
"IRIS.313.11443","G","G","A"
"IRIS.313.11445","A","G","A"
"IRIS.313.11446","A","G","A"
"IRIS.313.11447","G","G","A"
"IRIS.313.11448","A","G","A"
"IRIS.313.11449","A","G","A"
"IRIS.313.11451","G","G","A"
"IRIS.313.11452","G","G","T"
"IRIS.313.11453","A","G","A"
"IRIS.313.11454","G","G","T"
"IRIS.313.11455","G","G","T"
"IRIS.313.11456","A","G","A"
"IRIS.313.11458","G","G","T"
"IRIS.313.11460","A","G","A"
"IRIS.313.11461","A","G","A"
"IRIS.313.11462","A","G","A"
"IRIS.313.11463","G","G","A"
"IRIS.313.11464","G","T","A"
"IRIS.313.11465","G","T","A"
"IRIS.313.11467","A","G","A"
"IRIS.313.11471","A","G","A"
"IRIS.313.11472","A","G","A"
"IRIS.313.11473","G","T","A"
"IRIS.313.11476","A","G","A"
"IRIS.313.11477","G","G","T"
"IRIS.313.11478","A","G","A"
"IRIS.313.11479","G","T","A"
"IRIS.313.11480","A","G","A"
"IRIS.313.11481","A","G","A"
"IRIS.313.11482","A","G","A"
"IRIS.313.11483","G","G","T"
"IRIS.313.11484","G","G","A"
"IRIS.313.11485","A","G","A"
"IRIS.313.11486","A/G","G","A"
"IRIS.313.11487","A","G","A"
"IRIS.313.11489","G","G","T"
"IRIS.313.11490","G","G","A"
"IRIS.313.11491","A","G","A"
"IRIS.313.11492","G","G","A"
"IRIS.313.11493","A","G","A"
"IRIS.313.11494","G","T","A"
"IRIS.313.11495","G","T","A"
"IRIS.313.11496","G","G","A"
"IRIS.313.11497","A","G","A"
"IRIS.313.11498","G","T","A"
"IRIS.313.11499","G","T","A"
"IRIS.313.11500","A","G","A"
"IRIS.313.11505","A","G","A"
"IRIS.313.11506","A","G","A"
"IRIS.313.11507","A","G","A"
"IRIS.313.11508","A","G","A"
"IRIS.313.11509","G","G","A"
"IRIS.313.11510","A","G","A"
"IRIS.313.11511","G","T","A"
"IRIS.313.11512","G","G","A"
"IRIS.313.11513","A","G","A"
"IRIS.313.11515","G","G","A"
"IRIS.313.11516","A","G","A"
"IRIS.313.11517","A","G","A"
"IRIS.313.11521","G","G","A"
"IRIS.313.11522","G","T","A"
"IRIS.313.11523","A","G","A"
"IRIS.313.11524","G","T","A"
"IRIS.313.11525","A","G","A"
"IRIS.313.11526","G","T","A"
"IRIS.313.11527","G","T","A"
"IRIS.313.11528","G","G","A"
"IRIS.313.11530","A","G","A"
"IRIS.313.11532","G","T","A"
"IRIS.313.11534","A","G","A"
"IRIS.313.11535","A","G","A"
"IRIS.313.11536","G","T","A"
"IRIS.313.11537","G","T","A"
"IRIS.313.11538","A","G","A"
"IRIS.313.11539","G","T","A"
"IRIS.313.11540","G","T","A"
"IRIS.313.11541","A","G","A"
"IRIS.313.11542","G","G","A"
"IRIS.313.11543","A","G","A"
"IRIS.313.11544","A","G","A"
"IRIS.313.11545","A","G","A"
"IRIS.313.11546","A","G","A"
"IRIS.313.11547","A","G","A"
"IRIS.313.11548","A","G","A"
"IRIS.313.11549","A","G","A"
"IRIS.313.11551","G","G","A"
"IRIS.313.11554","A","G","A"
"IRIS.313.11555","A","G","A"
"IRIS.313.11556","A","G","A"
"IRIS.313.11557","G","G","T"
"IRIS.313.11558","A","G","A"
"IRIS.313.11561","A","G","A"
"IRIS.313.11563","A","G","A"
"IRIS.313.11564","G","G","A"
"IRIS.313.11565","A","G","A"
"IRIS.313.11566","A","G","A"
"IRIS.313.11567","G","G","A"
"IRIS.313.11568","A","G","A"
"IRIS.313.11570","A","G","A"
"IRIS.313.11571","G","T","A"
"IRIS.313.11572","A","G","A"
"IRIS.313.11573","A","G","A"
"IRIS.313.11574","G","T","A"
"IRIS.313.11575","G","T","A"
"IRIS.313.11576","A","G","A"
"IRIS.313.11577","A","G","A"
"IRIS.313.11578","G","T","A"
"IRIS.313.11579","A","G","A"
"IRIS.313.11580","A","G","A"
"IRIS.313.11582","G","T","A"
"IRIS.313.11584","G","T","A"
"IRIS.313.11585","A","G","A"
"IRIS.313.11586","G","T","A"
"IRIS.313.11588","G","G","A"
"IRIS.313.11591","G","G","A"
"IRIS.313.11594","A","G","A"
"IRIS.313.11595","G","G","T"
"IRIS.313.11596","A","G","A"
"IRIS.313.11597","A","G","A"
"IRIS.313.11598","A/G","G","A/T"
"IRIS.313.11599","A","G","A"
"IRIS.313.11600","A/G","G","A"
"IRIS.313.11602","A","G","A"
"IRIS.313.11603","G","G","T"
"IRIS.313.11604","A","G","A"
"IRIS.313.11606","A","G","A"
"IRIS.313.11607","A","G","A"
"IRIS.313.11608","A","G","A"
"IRIS.313.11609","A","G","A"
"IRIS.313.11610","A","G","A"
"IRIS.313.11611","G","T","A"
"IRIS.313.11615","A","G","A"
"IRIS.313.11616","G","G","A"
"IRIS.313.11617","G","G","A"
"IRIS.313.11618","G","G","T"
"IRIS.313.11619","A","G","A"
"IRIS.313.11620","G","G","T"
"IRIS.313.11621","A","G","A"
"IRIS.313.11622","A","G","A"
"IRIS.313.11623","G","T","A"
"IRIS.313.11624","A","G","A"
"IRIS.313.11625","G","G","A"
"IRIS.313.11626","G","G","A"
"IRIS.313.11627","G","G","A"
"IRIS.313.11628","A/G","G","A"
"IRIS.313.11629","A","G","A"
"IRIS.313.11630","G","G","A"
"IRIS.313.11632","G","G","A"
"IRIS.313.11635","A","G","A"
"IRIS.313.11636","G","G","T"
"IRIS.313.11638","A","G","A"
"IRIS.313.11639","A","G","A"
"IRIS.313.11640","A","G","A"
"IRIS.313.11641","A","G","A"
"IRIS.313.11642","A","G","A"
"IRIS.313.11643","A","G","A"
"IRIS.313.11644","A","G","A"
"IRIS.313.11645","A","G","A"
"IRIS.313.11646","A","G","A"
"IRIS.313.11647","A","G","A"
"IRIS.313.11648","A","G","A"
"IRIS.313.11650","G","G","A"
"IRIS.313.11651","G","T","A"
"IRIS.313.11652","G","T","A"
"IRIS.313.11653","G","T","A"
"IRIS.313.11654","G","T","A"
"IRIS.313.11655","G","T","A"
"IRIS.313.11656","A","G","A"
"IRIS.313.11657","A","G","A"
"IRIS.313.11658","G","T","A"
"IRIS.313.11659","G","T","A"
"IRIS.313.11660","G","T","A"
"IRIS.313.11661","G","T","A"
"IRIS.313.11663","A","G","A"
"IRIS.313.11664","A","G","A"
"IRIS.313.11665","A","G","A"
"IRIS.313.11666","A","G/T","A"
"IRIS.313.11667","A","G","A"
"IRIS.313.11668","A","G","A"
"IRIS.313.11669","A","G","A"
"IRIS.313.11671","A","G","A"
"IRIS.313.11672","G","T","A"
"IRIS.313.11673","G","T","A"
"IRIS.313.11674","A","G","A"
"IRIS.313.11676","G","G","A"
"IRIS.313.11677","A","G","A"
"IRIS.313.11678","G","G","A"
"IRIS.313.11679","G","G","A"
"IRIS.313.11680","A","G","A"
"IRIS.313.11681","G","G","A"
"IRIS.313.11682","G","G","A"
"IRIS.313.11683","G","G","A"
"IRIS.313.11684","G","G","A"
"IRIS.313.11685","G","G","A"
"IRIS.313.11686","G","G","A"
"IRIS.313.11687","A","G","A"
"IRIS.313.11688","A","G","A"
"IRIS.313.11689","G","T","A"
"IRIS.313.11690","A","G","A"
"IRIS.313.11691","G","T","A"
"IRIS.313.11692","G","G","A"
"IRIS.313.11693","A","G","A"
"IRIS.313.11694","A","G","A"
"IRIS.313.11695","A","G","A"
"IRIS.313.11698","G","G","A"
"IRIS.313.11700","G","G","A"
"IRIS.313.11702","G","T","A"
"IRIS.313.11704","G","G","A"
"IRIS.313.11705","G","G","A"
"IRIS.313.11706","G","G","A"
"IRIS.313.11707","A","G","A"
"IRIS.313.11708","G","G","A"
"IRIS.313.11709","G","G","A"
"IRIS.313.11710","A","G","A"
"IRIS.313.11711","G","G","A"
"IRIS.313.11712","G","G","T"
"IRIS.313.11713","A","G","A"
"IRIS.313.11714","G","T","A"
"IRIS.313.11716","A","G","A"
"IRIS.313.11717","A","G","A"
"IRIS.313.11719","G","G","A"
"IRIS.313.11720","G","G","A"
"IRIS.313.11721","A","G","A"
"IRIS.313.11722","A","G","A"
"IRIS.313.11723","A","G","A"
"IRIS.313.11724","A","G","A"
"IRIS.313.11725","G","T","A"
"IRIS.313.11726","A","G","A"
"IRIS.313.11727","A","G","A"
"IRIS.313.11728","G","G","A"
"IRIS.313.11729","A","G","A"
"IRIS.313.11730","A","G","A"
"IRIS.313.11731","G","G","A"
"IRIS.313.11732","A","G","A"
"IRIS.313.11733","A","G","A"
"IRIS.313.11734","A","G","A"
"IRIS.313.11735","A","G","A"
"IRIS.313.11736","G","T","A"
"IRIS.313.11737","G","G","A"
"IRIS.313.11738","A","G","A"
"IRIS.313.11739","G","T","A"
"IRIS.313.11740","G","G","A"
"IRIS.313.11741","A","G","A"
"IRIS.313.11742","G","G","T"
"IRIS.313.11743","G","G","A"
"IRIS.313.11744","A","G","A"
"IRIS.313.11745","A","G","A"
"IRIS.313.11746","A","G","A"
"IRIS.313.11747","A","G","A"
"IRIS.313.11748","A","G","A"
"IRIS.313.11750","G","G","A"
"IRIS.313.11751","A","G","A"
"IRIS.313.11752","A","G","A"
"IRIS.313.11753","A","G","A"
"IRIS.313.11754","G","T","A"
"IRIS.313.11755","G","T","A"
"IRIS.313.11756","G","T","A"
"IRIS.313.11757","A","G","A"
"IRIS.313.11758","A","G","A"
"IRIS.313.11759","G","T","A"
"IRIS.313.11760","G","G","A"
"IRIS.313.11761","A","G","A"
"IRIS.313.11762","G","G","A"
"IRIS.313.11763","A","G","A"
"IRIS.313.11764","A","G","A"
"IRIS.313.11765","G","G","A"
"IRIS.313.11766","G","G","T"
"IRIS.313.11767","A","G","A"
"IRIS.313.11772","A","G","A"
"IRIS.313.11773","A","G","A"
"IRIS.313.11779","A/G","G","A"
"IRIS.313.11780","G","G","A"
"IRIS.313.11782","A","G","A"
"IRIS.313.11783","A","G","A"
"IRIS.313.11784","A","G","A"
"IRIS.313.11785","G","G","A"
"IRIS.313.11786","G","G","A"
"IRIS.313.11787","A","G","A"
"IRIS.313.11788","G","T","A"
"IRIS.313.11789","A","G","A"
"IRIS.313.11790","G","G","A"
"IRIS.313.11791","A","G","A"
"IRIS.313.11792","G","T","A"
"IRIS.313.11793","A","G","A"
"IRIS.313.11794","A","G","A"
"IRIS.313.11795","A","G","A"
"IRIS.313.11796","A","G","A"
"IRIS.313.11797","A","G","A"
"IRIS.313.11798","A","G","A"
"IRIS.313.11799","A","G","A"
"IRIS.313.11800","G","T","A"
"IRIS.313.11801","A","G","A"
"IRIS.313.11802","A","G","A"
"IRIS.313.11803","G","T","A"
"IRIS.313.11804","A","G","A"
"IRIS.313.11805","A","G","A"
"IRIS.313.11806","A","G","A"
"IRIS.313.11807","A","G","A"
"IRIS.313.11808","A","G","A"
"IRIS.313.11809","G","G","T"
"IRIS.313.11810","G","G","A"
"IRIS.313.11811","A","G","A"
"IRIS.313.11812","G","G","A"
"IRIS.313.11813","A","G","A"
"IRIS.313.11814","A","G","A"
"IRIS.313.11815","A","G","A"
"IRIS.313.11816","G","G","A"
"IRIS.313.11817","A","G","A"
"IRIS.313.11818","G","G","A"
"IRIS.313.11819","G","G","A"
"IRIS.313.11820","G","G","A"
"IRIS.313.11821","G","G","T"
"IRIS.313.11822","A","G","A"
"IRIS.313.11823","A","G","A"
"IRIS.313.11824","A","G","A"
"IRIS.313.11825","G","G","A"
"IRIS.313.11826","G","G","A"
"IRIS.313.11827","A","G","A"
"IRIS.313.11828","A","G","A"
"IRIS.313.11829","G","T","A"
"IRIS.313.11830","G","G","A"
"IRIS.313.11831","G","T","A"
"IRIS.313.11832","G","T","A"
"IRIS.313.11833","G","G","A"
"IRIS.313.11834","G","T","A"
"IRIS.313.11835","G","G","A"
"IRIS.313.11836","G","G","A"
"IRIS.313.11837","G","G","A"
"IRIS.313.11838","A","G","A"
"IRIS.313.11839","G","G","A"
"IRIS.313.11840","A","G","A"
"IRIS.313.11841","G","G","A"
"IRIS.313.11842","A","G","A"
"IRIS.313.11843","G","G","A"
"IRIS.313.11844","G","G","A"
"IRIS.313.11845","G","T","A"
"IRIS.313.11846","G","T","A"
"IRIS.313.11848","G","G","A"
"IRIS.313.11849","G","G","A"
"IRIS.313.11850","A","G","A"
"IRIS.313.11851","G","T","A"
"IRIS.313.11852","A","G","A"
"IRIS.313.11853","A","G","A"
"IRIS.313.11854","A","G","A"
"IRIS.313.11855","A","G","A"
"IRIS.313.11856","A","G","A"
"IRIS.313.11857","A","G","A"
"IRIS.313.11858","A","G","A"
"IRIS.313.11859","A","G","A"
"IRIS.313.11860","A","G","A"
"IRIS.313.11861","A","G","A"
"IRIS.313.11862","A","G","A"
"IRIS.313.11863","G","G","A"
"IRIS.313.11865","A","G","A"
"IRIS.313.11866","A","G","A"
"IRIS.313.11867","A","G","A"
"IRIS.313.11868","A","G","A"
"IRIS.313.11869","G","G","A"
"IRIS.313.11870","A","G","A"
"IRIS.313.11871","A","G","A"
"IRIS.313.11872","A","G","A"
"IRIS.313.11875","G","T","A"
"IRIS.313.11876","A","G","A"
"IRIS.313.11877","A","G","A"
"IRIS.313.11878","A","G","A"
"IRIS.313.11881","A","G","A"
"IRIS.313.11882","A","G","A"
"IRIS.313.11884","A","G","A"
"IRIS.313.11885","A","G","A"
"IRIS.313.11886","A","G","A"
"IRIS.313.11887","A","G","A"
"IRIS.313.11888","G","G","T"
"IRIS.313.11889","A","G","A"
"IRIS.313.11890","G","T","A"
"IRIS.313.11892","G","T","A"
"IRIS.313.11893","A","G","A"
"IRIS.313.11894","A","G","A"
"IRIS.313.11895","A","G","A"
"IRIS.313.11896","A","G","A"
"IRIS.313.11897","G","T","A"
"IRIS.313.11898","G","G","A"
"IRIS.313.11899","G","G","A"
"IRIS.313.11900","G","T","A"
"IRIS.313.11901","G","G","A"
"IRIS.313.11902","G","G","A"
"IRIS.313.11903","N","T","A"
"IRIS.313.11904","A","G","A"
"IRIS.313.11905","G","G","A"
"IRIS.313.11906","G","T","A"
"IRIS.313.11907","G","T","A"
"IRIS.313.11908","G","T","A"
"IRIS.313.11909","G","G","A"
"IRIS.313.11910","A","G","A"
"IRIS.313.11911","A","G","A"
"IRIS.313.11912","A","G","A"
"IRIS.313.11913","A","G","A"
"IRIS.313.11914","A","G","A"
"IRIS.313.11915","G","T","A"
"IRIS.313.11916","A","G","A"
"IRIS.313.11917","A","G","A"
"IRIS.313.11918","A","G","A"
"IRIS.313.11919","A","G","A"
"IRIS.313.11920","A","G","A"
"IRIS.313.11921","A","G","A"
"IRIS.313.11922","G","T","A"
"IRIS.313.11923","G","T","A"
"IRIS.313.11924","G","T","A"
"IRIS.313.11925","G","G","A"
"IRIS.313.11926","G","T","A"
"IRIS.313.11927","G","G","A"
"IRIS.313.11928","G","T","A"
"IRIS.313.11929","G","T","A"
"IRIS.313.11930","A","G","A"
"IRIS.313.11931","G","T","A"
"IRIS.313.11932","A","G","A"
"IRIS.313.11934","A","G","A"
"IRIS.313.11935","A","G","A"
"IRIS.313.11936","A","G","A"
"IRIS.313.11937","A","G","A"
"IRIS.313.11938","A","G","A"
"IRIS.313.11939","A","G","A"
"IRIS.313.11940","A","G","A"
"IRIS.313.11941","A","G","A"
"IRIS.313.11943","A","G","A"
"IRIS.313.11944","A","G","A"
"IRIS.313.11945","A","G","A"
"IRIS.313.11946","G","T","A"
"IRIS.313.11947","A","G","A"
"IRIS.313.11948","A","G","A"
"IRIS.313.11949","A","G","A"
"IRIS.313.11950","A","G","A"
"IRIS.313.11951","A","G","A"
"IRIS.313.11952","A","G","A"
"IRIS.313.11953","A","G","A"
"IRIS.313.11954","G","G","A"
"IRIS.313.11955","A","G","A"
"IRIS.313.11956","A/G","G/T","A"
"IRIS.313.11957","A","G","A"
"IRIS.313.11958","G","G","A"
"IRIS.313.11959","A","G","A"
"IRIS.313.11960","A","G","A"
"IRIS.313.11961","G","G","A"
"IRIS.313.11962","G","G","A"
"IRIS.313.11963","G","G","T"
"IRIS.313.11964","A","G","A"
"IRIS.313.11965","A","G","A"
"IRIS.313.11966","A","G","A"
"IRIS.313.11967","A","G","A"
"IRIS.313.11968","A","G","A"
"IRIS.313.11969","A","G","A"
"IRIS.313.11970","G","T","A"
"IRIS.313.11971","G","G","A"
"IRIS.313.11973","G","T","A"
"IRIS.313.11974","A","G","A"
"IRIS.313.11975","N","N","A"
"IRIS.313.11976","A","G","A"
"IRIS.313.11977","A","G","A"
"IRIS.313.11978","A","G","A"
"IRIS.313.11979","A","G","A"
"IRIS.313.11980","A","G","A"
"IRIS.313.11981","G","T","A"
"IRIS.313.11982","A","G","A"
"IRIS.313.11983","A","G","A"
"IRIS.313.11984","G","T","A"
"IRIS.313.11985","A","G","A"
"IRIS.313.11986","A","G","A"
"IRIS.313.11987","A","G","A"
"IRIS.313.11988","A","G","A"
"IRIS.313.11989","G","G","A"
"IRIS.313.11990","A","G","A"
"IRIS.313.11991","G","G","A"
"IRIS.313.11992","G","G","A"
"IRIS.313.11993","A","G","A"
"IRIS.313.11994","G","T","A"
"IRIS.313.11995","G","T","A"
"IRIS.313.11996","A","G","A"
"IRIS.313.11997","A","G","A"
"IRIS.313.11998","A","G","A"
"IRIS.313.11999","A","G","A"
"IRIS.313.12000","A","G","A"
"IRIS.313.12002","G","G","T"
"IRIS.313.12003","G","T","A"
"IRIS.313.12004","A","G","A"
"IRIS.313.12005","A","G","A"
"IRIS.313.12006","A","G","A"
"IRIS.313.12007","A","G","A"
"IRIS.313.12009","A/G","G","A"
"IRIS.313.12010","A","G","A"
"IRIS.313.12011","A","G","A"
"IRIS.313.12012","A","G","A"
"IRIS.313.12013","A","G","A"
"IRIS.313.12014","A","G","A"
"IRIS.313.12015","A","G","A"
"IRIS.313.12016","A","G","A"
"IRIS.313.12017","G","G","A"
"IRIS.313.12018","G","T","A"
"IRIS.313.12021","G","T","A"
"IRIS.313.12024","A","G","A"
"IRIS.313.12027","G","G","A"
"IRIS.313.12028","A","G","A"
"IRIS.313.12029","G","T","A"
"IRIS.313.12030","N","N","A"
"IRIS.313.12031","G","T","A"
"IRIS.313.12033","G","G","A"
"IRIS.313.12036","A/G","G","A"
"IRIS.313.12037","A","G","A"
"IRIS.313.12038","A","G","A"
"IRIS.313.12039","A/G","G","A"
"IRIS.313.12040","G","G","A"
"IRIS.313.12041","A","G","A"
"IRIS.313.12042","A","G","A"
"IRIS.313.12043","A","G","A"
"IRIS.313.12044","A","G","A"
"IRIS.313.12045","G","T","A"
"IRIS.313.12046","G","G","A"
"IRIS.313.12047","A","G","A"
"IRIS.313.12048","G","G","A"
"IRIS.313.12049","G","G","A"
"IRIS.313.12050","A","G","A"
"IRIS.313.12051","G","T","A"
"IRIS.313.12052","G","G","A"
"IRIS.313.12053","A","G","A"
"IRIS.313.12054","G","T","A"
"IRIS.313.12055","A","G","A"
"IRIS.313.12057","A","G","A"
"IRIS.313.12058","A","G","A"
"IRIS.313.12059","G","T","A"
"IRIS.313.12060","G","T","A"
"IRIS.313.12061","G","T","A"
"IRIS.313.12063","G","T","A"
"IRIS.313.12065","A","G","A"
"IRIS.313.12066","G","G","A"
"IRIS.313.12067","A","G","A"
"IRIS.313.12068","G","T","A"
"IRIS.313.12069","G","T","A"
"IRIS.313.12070","G","T","A"
"IRIS.313.12071","G","T","A"
"IRIS.313.12072","A","G","A"
"IRIS.313.12073","G","T","A"
"IRIS.313.12074","G","G","A"
"IRIS.313.12076","G","T","A"
"IRIS.313.12077","G","T","A"
"IRIS.313.12078","A","G","A"
"IRIS.313.12079","A","G","A"
"IRIS.313.12080","A","G","A"
"IRIS.313.12081","A","G","A"
"IRIS.313.12082","A","G","A"
"IRIS.313.12083","A","G","A"
"IRIS.313.12093","G","G","A"
"IRIS.313.12094","G","G","A"
"IRIS.313.12096","A","G","A"
"IRIS.313.12097","A","G","A"
"IRIS.313.12101","A","G","A"
"IRIS.313.12102","A","G","A"
"IRIS.313.12108","G","T","A"
"IRIS.313.12109","G","G","A"
"IRIS.313.12118","A","G","A"
"IRIS.313.12121","A","G","A"
"IRIS.313.12127","G","G","A"
"IRIS.313.12128","G","G","A"
"IRIS.313.12129","G","T","A"
"IRIS.313.12130","G","G","A"
"IRIS.313.12131","G","G","A"
"IRIS.313.12133","G","G","A"
"IRIS.313.12134","G","T","A"
"IRIS.313.12135","A","G","A"
"IRIS.313.12138","G","G","A"
"IRIS.313.12139","A","G","A"
"IRIS.313.12141","G","G","T"
"IRIS.313.12142","A","G","A"
"IRIS.313.12143","A","G","A"
"IRIS.313.12144","G","T","A"
"IRIS.313.12146","G","G","A"
"IRIS.313.12147","A","G","A"
"IRIS.313.12148","G","G","A"
"IRIS.313.12151","A","G","A"
"IRIS.313.12152","A","G","A"
"IRIS.313.12161","A","G","A"
"IRIS.313.12164","A","G","A"
"IRIS.313.12180","G","G","A"
"IRIS.313.12182","G","G","A"
"IRIS.313.12183","G","G","A"
"IRIS.313.12185","G","G","A"
"IRIS.313.12186","A","G","A"
"IRIS.313.12187","G","G","A"
"IRIS.313.12188","G","G","A"
"IRIS.313.12190","A","G","A"
"IRIS.313.12193","G","G","A"
"IRIS.313.12194","G","G","A"
"IRIS.313.12200","G","T","A"
"IRIS.313.12207","A","G","A"
"IRIS.313.12210","G","G","A"
"IRIS.313.12217","G","T","A"
"IRIS.313.12220","A","G","A"
"IRIS.313.12221","G","G","A"
"IRIS.313.12222","A","G","A"
"IRIS.313.12224","G","G","A"
"IRIS.313.12225","G","G","A"
"IRIS.313.12226","G","T","A"
"IRIS.313.12227","G","T","A"
"IRIS.313.12228","G","T","A"
"IRIS.313.12229","G","G","A"
"IRIS.313.12231","G","G","A"
"IRIS.313.12232","A","G","A"
"IRIS.313.12234","A","G","A"
"IRIS.313.12236","A","G","A"
"IRIS.313.12237","A","G","A"
"IRIS.313.12240","A","G","A"
"IRIS.313.12241","G","T","A"
"IRIS.313.12242","A","G","A"
"IRIS.313.12244","G","T","A"
"IRIS.313.12246","A","G","A"
"IRIS.313.12247","G","G","A"
"IRIS.313.12249","A","G","A"
"IRIS.313.12251","A","G","A"
"IRIS.313.12252","G","T","A"
"IRIS.313.12254","G","T","A"
"IRIS.313.12257","G","T","A"
"IRIS.313.12258","G","T","A"
"IRIS.313.12259","A","G","A"
"IRIS.313.12260","G","G","A"
"IRIS.313.12261","G","G","A"
"IRIS.313.12262","G","T","A"
"IRIS.313.12263","G","G","A"
"IRIS.313.12265","G","T","A"
"IRIS.313.12266","G","T","A"
"IRIS.313.12268","A","G","A"
"IRIS.313.12269","G","G","A"
"IRIS.313.12270","G","G","A"
"IRIS.313.12271","G","T","A"
"IRIS.313.12272","A","G","A"
"IRIS.313.12273","A","G","A"
"IRIS.313.12275","A","G","A"
"IRIS.313.12278","A","G","A"
"IRIS.313.12279","G","T","A"
"IRIS.313.12280","A","G","A"
"IRIS.313.12281","G","T","A"
"IRIS.313.12282","A","G","A"
"IRIS.313.12283","A","G","A"
"IRIS.313.12284","A","G","A"
"IRIS.313.12285","G","T","A"
"IRIS.313.12286","G","G","A"
"IRIS.313.12287","G","G","A"
"IRIS.313.12288","A","G","A"
"IRIS.313.12289","G","T","A"
"IRIS.313.12290","A","G","A"
"IRIS.313.12291","A","G","A"
"IRIS.313.12292","A","G","A"
"IRIS.313.12296","G","G","A"
"IRIS.313.12297","G","G","A"
"IRIS.313.12299","G","T","A"
"IRIS.313.12300","A","G","A"
"IRIS.313.12301","G","G","A"
"IRIS.313.12302","G","G","A"
"IRIS.313.12303","G","G","A"
"IRIS.313.12305","G","G","A"
"IRIS.313.12307","G","T","A"
"IRIS.313.12308","G","G","A"
"IRIS.313.12309","G","G","A"
"IRIS.313.12311","G","T","A"
"IRIS.313.12312","G","T","A"
"IRIS.313.12313","G","T","A"
"IRIS.313.12319","A","G","A"
"IRIS.313.12321","G","T","A"
"IRIS.313.12322","G","T","A"
"IRIS.313.12323","G","T","A"
"IRIS.313.12324","G","T","A"
"IRIS.313.12325","A","G","A"
"IRIS.313.12329","G","G","A"
"IRIS.313.12330","G","T","A"
"IRIS.313.12332","G","T","A"
"IRIS.313.12334","G","G","A"
"IRIS.313.12336","G","T","A"
"IRIS.313.12337","G","T","A"
"IRIS.313.12340","G","T","A"
"IRIS.313.12341","G","T","A"
"IRIS.313.12342","G","T","A"
"IRIS.313.12344","G","T","A"
"IRIS.313.12345","G","T","A"
"IRIS.313.12346","G","T","A"
"IRIS.313.12347","G","T","A"
"IRIS.313.12348","G","T","A"
"IRIS.313.12349","G","T","A"
"IRIS.313.12350","G","T","A"
"IRIS.313.12351","G","T","A"
"IRIS.313.12352","G","T","A"
"IRIS.313.12353","G","T","A"
"IRIS.313.12354","G","G","A"
"IRIS.313.12355","G","G","A"
"IRIS.313.15896","A","G","A"
"IRIS.313.15897","G","G","A"
"IRIS.313.15898","A","G","A"
"IRIS.313.15899","A","G","A"
"IRIS.313.15900","A","G","A"
"IRIS.313.15901","A","G","A"
"IRIS.313.15902","A","G","A"
"IRIS.313.15903","A","G","A"
"IRIS.313.15904","G","T","A"
"IRIS.313.15905","G","T","A"
"IRIS.313.15906","G","G","A"
"IRIS.313.15907","G","T","A"
"IRIS.313.15908","G","G","T"
"IRIS.313.15909","G","G","A"
"IRIS.313.15910","G","T","A"
